name	all_genes
Rare genetic vascular disease	SLC2A10;MYH11;COL3A1;COL5A1;TGFBR2;FBN1;SMAD3;NKX2-5;GATA5;NOTCH1;SMAD6;ACTA2;TGFBR1;FOXE3;LOX;MAT2A;ELN;TGFB3;MYLK;PRKG1;MFAP5;TGFB2
Rare genetic systemic or rheumatologic disease	PSMB8;SAMHD1;RNASEH2A;RNASEH2B;RNASEH2C;ADAR;TREX1;IFIH1;ACP5;ISG15;C1QA;C4A;DNASE1L3;PRKCD;DNASE1;ADA2;TMEM173;USP18;DDX58;POLA1;TTC37;SKIV2L;APOA2;APP;B2M;GSN;ITM2B;FGA;APOA1;LYZ;CST3;TTR;RBCK1;RNF31;PLCG2;MEFV;NLRP12;NLRC4;OTULIN;TNFRSF1A;MVK;NLRP3;SLC39A13;P4HA1;CHST14;DSE;COL1A1;COL1A2;FLNA;TNXB;PLOD1;COL3A1;COL5A1;ADAMTS2;FKBP14;C1S;C1R;B4GALT7;B3GALT6;ZNF469;PRDM5;FBN1;ADAMTSL4;FBN2;SKI;TGFBR2;SMAD3;TGFBR1;FOXE3;LOX;MAT2A;ELN;TGFB3;MYH11;ACTA2;MYLK;PRKG1;MFAP5;TGFB2
Rare genetic eye disease	NF1;RB1;MYCN;PITX2;SCO2;P3H2;LRPAP1;KERA;PIK3R1;SPATA7;GDF6;IFT140;NMNAT1;RD3;RDH12;RPE65;RPGRIP1;CEP290;AIPL1;TULP1;CRB1;CRX;GUCY2D;IMPDH1;IQCB1;LCA5;KCNJ13;LRAT;PCYT1A;OPN1MW;OPN1LW;PDE6C;RPGR;CNGA3;CNGB3;PDE6H;GNAT2;ATF6;OPN1SW;CYBB;NCF1;NCF2;CYBA;NCF4;MT-TQ;MT-CO1;MT-CO2;MT-CO3;MT-ND1;MT-ND4;MT-ND5;MT-ND6;MT-TL1;MT-TW;MT-TH;MT-TS1;MT-TS2;MT-TF;CIT;NCAPD3;COPB2;KIF14;TAF13;PYCR2;CDK5RAP2;CENPJ;ASPM;MCPH1;STIL;WDR62;CEP152;CEP63;CEP135;KNL1;PHC1;CDK6;SASS6;MFSD2A;ANKLE2;GFAP;SPATA5;DOCK7;EMC1;DIAPH1;TELO2;GNB1;GBA;LAMA1;PNKP;SLC30A9;FXN;ATM;COL25A1;CHN1;MAFB;APTX;PLP1;SETX;PIK3R5;GLB1;LMNB1;ATXN1;ATXN2;CC2D2A;TMEM216;TMEM237;TMEM138;ZNF423;TMEM231;CEP120;PIBF1;TCTN2;AHI1;TMEM67;MKS1;ARL13B;INPP5E;TCTN1;B9D1;CEP41;CPLANE1;CSPP1;KIAA0586;CEP104;KIAA0556;ARMC9;HYLS1;ARL3;RPGRIP1L;OFD1;KIF7;TCTN3;PDE6D;KIAA0753;NPHP1;ATP7B;NPC1;NPC2;MAPT;ATP13A2;ATXN7;NDUFA13;SDHA;SLC19A3;SURF1;COX15;NDUFAF2;NDUFS1;NDUFS2;NDUFS3;NDUFS4;NDUFS7;NDUFS8;NDUFV1;NDUFV2;PDHA1;NDUFAF5;NDUFAF6;TACO1;FOXRED1;NDUFA2;NDUFA10;NDUFA9;MTFMT;LIPT1;PET100;NDUFA4;ECHS1;NDUFA12;COQ2;PDSS2;NDUFAF3;NDUFB8;LRPPRC;MCOLN1;FMR1;TCOF1;POLR1D;POLR1C;PEX2;PEX1;PEX10;PEX12;PEX13;PEX14;PEX16;PEX19;PEX26;PEX3;PEX5;PEX6;PEX11B;SLC25A4;AGK;ROBO3;PLXND1;REV3L;NDP;AP1S2;SIL1;INPP5K;SALL4;SLC25A24;RMRP;PIGL;ALX4;ADAT3;CCDC174;LARGE1;POMGNT1;POMT1;POMT2;FKTN;FKRP;B3GALNT2;GMPPB;PTCH1;PAX6;MFRP;TMEM98;PRSS56;MYO5A;PHOX2A;KIF21A;TUBB3;TUBB2B;SYT1;SLC45A2;TYR;NAGA;SLC9A6;SLC35C1;FERMT3;ITGB2;PHOX2B;RET;ASCL1;FGFR3;FGFR2;TWIST1;ERF;FGFR1;FREM1;ZIC1;TCF12;MT-ATP8;RRM2B;DMPK;HTT;SLC2A3;PABPN1;RNASEH1;MYH2;ALG2;DPAGT1;GFPT1;ALG14;MGME1;POLG;TYMP;DMD;LTBP4;CHAT;AGRN;SLC25A1;SNAP25;SYT2;MYO9A;SLC5A7;VAMP1;SLC18A3;COL13A1;RAPSN;SCN4A;CHRNA1;CHRNB1;CHRND;CHRNE;DOK7;MUSK;LRP4;AK9;COLQ;LAMB2;TK2;POLG2;TWNK;MT-TL2;MT-TN;SLC38A8;CLCN7;TCIRG1;TNFSF11;SNX10;PAX2;SRD5A3;SIX6;IGBP1;MT-ATP6;MT-CYB;MT-ND2;MT-ND4L;MT-ND3;ACO2;RTN4IP1;MT-TP;MT-TK;MT-RNR1;WFS1;CISD2;ANTXR1;KIF1A;ZNHIT3;PROKR2;SOX2;HESX1;OTX2;SOX3;ARNT2;PSAP;GALC;ATP1A3;TMEM126A;FA2H;UCHL1;C19ORF12;ARSA;ISCA2;NR2F1;NBAS;POLR3A;MECR;HIKESHI;TBCD;ATAD3A;FLNA;C19ORF70;OPA3;TIMM8A;PLAA;ZNF592;WDR73;PCLO;OPA2;SPG7;PRPS1;C12ORF65;FLRT1;KLC2;IBA57;TFG;OPA1;DNM1L;TUBA8;MMP19;FZD5;SALL2;ABCB6;HGD;HSPG2;SLC39A13;P4HB;SEC24D;COL1A1;COL1A2;P3H1;CRTAP;PPIB;CREB3L1;SERPINH1;FKBP10;SERPINF1;WNT1;BMP1;TMEM38B;SP7;SPARC;H19;IGF2;PLOD1;CDKN1C;B3GALT6;FOXE3;SEMA3E;CHD7;BCOR;NAA10;CEP55;TMEM107;WDPCP;B9D2;PORCN;CREBBP;EP300;COL4A3;COL4A4;COL4A5;CRYAA;CRYBB2;GJA8;HSF4;MIP;NHS;LIM2;EPHA2;FYCO1;CRYGB;GCNT2;LSS;LEMD2;SIPA1L3;CASK;COL2A1;RS1;NF2;BDNF;WT1;CNBP;COL11A1;NSD1;SETD2;APC2;PTH;AIRE;GJB6;WRN;NOTCH1;ARHGAP31;DOCK6;RBPJ;EOGT;DLL4;ALMS1;PMPCA;LONP1;FTL;RAB3GAP1;RAB3GAP2;CRYBA4;CRYGC;CRYGD;CRYBB1;MAF;BMP4;EPG5;KCTD1;SLC16A12;GCM2;SMCHD1;TRIM44;FOXC1;GJA1;LRP5;RAB18;TBC1D20;ZBTB20;BEST1;PTEN;RSPO2;WNT3;XPA;ERCC3;XPC;DDB2;ERCC4;ERCC5;ERCC2;GFER;CASR;GNA11;PXDN;ATOH7;SLC33A1;MED25;GJB4;GJB3;KDSR;IARS2;ALDH18A1;PITX3;NACC1;MIPEP;MSMO1;ACTB;FOXC2;MPLKIP;GTF2H5;RNF113A;GTF2E2;CTDP1;SEC23A;PTH1R;NOD2;AGGF1;RASA1;LMNA;ZMPSTE24;CYP51A1;FZD4;XYLT2;FAM126A;ATP6V1B2;TBC1D24;NSD2;NELFA;LETM1;SEMA5A;CTNND2;TRIP13;BUB1B;CEP57;BUB1;BUB3;TBR1;SUMF1;GLA;CBS;MTTP;PHYH;PEX7;MVK;CYP27A1;B3GLCT;OAT;PYCR1;MAN2B1;FAR1;CLPB;SC5D;SGSH;NAGLU;HGSNAT;GNS;ALG8;ABHD5;GALE;GALK1;GALT;OCRL;ESCO2;AGPS;GNPAT;EBP;GNAS;ERCC6;ERCC1;RECQL4;DHCR7;FBN1;ADAMTSL4;ADAMTS10;LTBP2;TGFBR2;ASPH;SUOX;ADAMTS17;CERS3;ACVRL1;SMAD4;ENG;GDF2;LAMA3;PLG;MIR204;ACTG1;YAP1;JAG1;NOTCH2;CENPF;ITPR1;CYP1B1;CHRDL1;TP63;PKP1;PLEC;TAT;COL7A1;LAMB3;LAMC2;MMP1;GJB2;MIR184;TGFBI;UBIAD1;CHST6;PIKFYVE;DCN;STS;SLC4A11;CTNS;ZNF469;PRDM5;LCAT;POLA1;GSN;VSX1;ZEB1;COL8A2;OVOL2;GRHL2;TCF4;AGBL1;NLRP1;COL17A1;TACSTD2;KRT12;KRT3;ELP1;ORAI1;STIM1;HHAT;SLITRK6;CRIM1;SMOC1;HMX1;STRA6;RARB;HCCS;COX7B;NDUFB11;MAB21L2;SHH;VSX2;GDF3;TENM3;RBP4;EDA;EDA2R;TRAPPC11;AAAS;GMPPA;EDAR;EDARADD;WNT10A;TRAF6;KDF1;NGLY1;FGF10;IKBKG;NFKBIA;IGSF3;DKC1;TERT;TERC;TINF2;NOP10;NHP2;USB1;WRAP53;CTC1;RTEL1;PARN;TWIST2;PHGDH;PSAT1;FRAS1;FREM2;GRIP1;RIPK4;IRF6;SF3B4;DHODH;RFC2;BAZ1B;TBL2;CLIP2;ELN;GTF2I;GTF2IRD1;LIMK1;RRAS;PTPN11;BRAF;SOS1;KRAS;RAF1;NRAS;KAT6B;RIT1;LZTR1;A2ML1;RASA2;SOS2;PPP1CB;SHOC2;PAX3;UBE3B;FOXL2;MID1;SPECC1L;SMC1A;NIPBL;SMC3;HDAC8;RAD21;KMT2A;SETD5;MTM1;LIG4;NSUN2;FLI1;PHF6;IDS;DBH;ZNF462;KIF1BP;TFAP2B;ZFHX4;CTNND1;CDH1;KMT2D;KDM6A;RAP1A;RAP1B;POLH;SULT2B1;SDR9C7;ABCA12;ALOX12B;ALOXE3;TGM1;CYP4F22;NIPAL4;LIPN;SERPINB8;CSTA;PNPLA1;MYOC;TEK;VHL;LMX1B;GNAQ;CANT1;XYLT1;COL9A1;COL9A2;COL9A3;RNU4ATAC;GUSB;ARSB;GALNS;HYAL1;IDUA;SLC24A5;LRMDA;TYRP1;OCA2;MC1R;GPR143;MITF;LYST;AP3B1;DTNBP1;BLOC1S3;HPS3;HPS5;HPS6;HPS1;HPS4;BLOC1S6;MLPH;RAB27A;RGS9BP;RGS9;ASAH1;CTSA;ALDH3A2;PNPLA6;CDH3;COL18A1;CNNM4;ATIC;PLK4;TUBGCP6;TUBGCP4;KIF11;KCTD7;PANK2;ABCC6;ENPP1;MFSD8;CLN6;CLN5;CTSD;PPT1;CLN8;TPP1;CLN3;DNAJC5;GRN;CTSF;HEXA;HEXB;MT-TE;MAPKAPK3;ITM2B;SMPD1;SCARB2;CP;APC;AGXT;NEU1;CLDN19;CWC27;TTPA;VPS13B;ABHD12;IFT172;IFT122;WDR35;IFT43;WDR19;IFT52;INVS;NPHP3;NPHP4;SDCCAG8;CEP164;TRAF3IP1;BBS1;BBS10;BBS2;BBS4;BBS5;BBS7;BBS9;TRIM32;TTC8;ARL6;MKKS;BBS12;LZTFL1;BBIP1;IFT27;C8ORF37;HADHA;CEP78;CLRN1;HARS;USH2A;ADGRV1;MYO7A;WHRN;PDZD7;USH1K;CDH23;USH1C;USH1G;PCDH15;USH1E;USH1H;CIB2;RDH11;GGCX;EXOSC2;ERCC8;MMACHC;CACNA1F;SCAPER;IFT88;REEP6;ARHGEF18;AGBL5;ABCA4;PRCD;PRPF3;PRPF31;PRPF8;PRPH2;RGR;RHO;RLBP1;ROM1;RP1;RP2;RP9;SAG;CA4;CERKL;CNGA1;FSCN2;MERTK;NR2E3;NRL;PDE6A;PDE6B;SEMA4A;CNGB1;TOPORS;PROM1;EYS;IDH3B;GUCA1B;KLHL7;SNRNP200;PCARE;PDE6G;IMPG2;FAM161A;ZNF513;CDHR1;DHDDS;PRPF6;MAK;RBP3;ZNF408;ARL2BP;NEK2;TUB;KIZ;SLC7A14;PRPF4;AHR;PITPNM3;RIMS1;GUCA1A;RAX2;CACNA2D4;ADAM9;UNC119;RAB28;POC1B;DRAM2;TTLL5;KCNV2;C1QTNF5;ELOVL4;RP1L1;TIMP3;DHS6S1;CTNNA1;RCBTB1;IMPG1;CABP4;GNAT1;GRM6;NYX;TRPM1;SLC24A1;GPR179;LRIT3;GRK1;GNB3;RDH5;PLA2G5;CFI;CFH;EFEMP1;CYP4V2;STN1;COL4A1;DAG1;ISPD;POMGNT2;RXYLT1;B4GAT1;POMK;CAPN5;CTNNB1;TSPAN12;VCAN;NOTCH3;TREX1;IGFBP7;CHM;TEAD1;ADAMTS18
Rare genetic gynecological and obstetrical diseases	H6PD;HSD11B1;ESR1;GNAS;KISS1R;MKRN3;DLK1;CYP19A1;SEMA3E;CHD7;HBB;PNPLA6;SNRPN;SNORD115@;MAGEL2;NDN;SNORD116@;SIM1;RNF216;RAB3GAP1;RAB3GAP2;RBM28;SMCHD1;DCAF17;BBS1;BBS10;BBS2;BBS4;BBS5;BBS7;BBS9;CEP290;TRIM32;TTC8;ARL6;MKKS;MKS1;NPHP1;BBS12;SDCCAG8;WDPCP;LZTFL1;IFT172;BBIP1;IFT27;C8ORF37;DMXL2;POLR3B;POLR1C;POLR3A;OCA2;LEPR;LEP;PCSK1;SOX3;PROP1;NR0B1;POU1F1;HESX1;OTX2;LHX4;GLI2;CCDC141;PROK2;PROKR2;SOX10;FGFR1;ANOS1;NSMF;FGF8;WDR11;HS6ST1;SEMA3A;IL17RD;FGF17;DUSP6;SPRY4;FLRT3;FEZF1;DCC;TACR3;GNRHR;GNRH1;TAC3;KISS1;FSHB;ATM;NR5A1;MRPS22;FSHR;BMP15;PSMC3IP;NUP107;SPIDR;FOXL2;ERAL1;HSD17B4;TWNK;HARS2;CLPP;LARS2;STAR;FMR1;NSMCE2;XRCC4;MCM9;CYP17A1;GALT;AR;HSD17B3;CYB5A;CYP11A1;HSD3B2;POR;SRD5A2;BDNF;WT1;PAX6;DHH;HHAT;SOX9;ATRX;WNT4;RSPO1;CYP21A2;NR3C1;CYP11B1;SRY;DMRT1;CBX2;MAP3K1;DMRT3;WWOX;ZFPM2;GATA4;VAMP7
Rare genetic immune disease	WAS;WIPF1;FOXN1;DKC1;TERT;TERC;TINF2;NOP10;NHP2;USB1;WRAP53;CTC1;RTEL1;PARN;TTC7A;TCN2;EPG5;CCBE1;FAT4;ADAMTS3;ACD;STAT5B;RBCK1;RNF31;ORAI1;STIM1;IKZF1;POLE;IKBKG;SP110;SLC46A1;NFKBIA;SEMA3E;CHD7;TBX1;ARVCF;GP1BB;UFD1;COMT;HIRA;JMJD1C;RREB1;SEC24C;STAT3;SPINK5;DSP;DSG1;PGM3;ATM;BLM;DNMT3B;ZBTB24;CDCA7;HELLS;NBN;MRE11;RAD50;RNF168;GINS1;MCM4;SMARCAL1;RMRP;KNSTRN;PIK3CD;RNU4ATAC;EXTL3;MYSM1;SAMHD1;RNASEH2A;RNASEH2B;RNASEH2C;ADAR;TREX1;IFIH1;ADA2;TMEM173;DDX58;POLA1;TTC37;SKIV2L;IL10;IL10RA;IL10RB;KRAS;NRAS;CASP8;CASP10;FAS;FASLG;PRKCD;RASGRP1;ITK;CD27;CTLA4;SH2D1A;XIAP;IL2RA;AIRE;ACP5;ITCH;FADD;STAT1;TPP2;FOXP3;PRF1;STX11;UNC13D;STXBP2;LYST;AP3B1;BLOC1S6;RAB27A;CD19;ICOS;CR2;TNFRSF13C;MS4A1;CD81;TNFSF12;NFKB1;NFKB2;TNFRSF13B;IGHG2;IGKC;PMS2;MLH1;MSH2;MSH6;AICDA;UNG;TNFRSF11A;TRNT1;BTK;PTEN;PIK3R1;IGHM;IGLL1;LRRC8A;TCF3;CD79A;CD79B;BLNK;ELF4;NHEJ1;CD3G;CD8A;PNP;RAG1;RAG2;ZAP70;RFX5;RFXANK;RFXAP;CIITA;DOCK8;UNC119;MAGT1;STK4;IL21R;CARD11;MALT1;TRAC;LRBA;MAP3K14;DOCK2;TNFRSF4;MSN;IL21;TFRC;ADA;DCLRE1C;IL2RG;LIG4;IL7R;TAP2;TAP1;TAPBP;B2M;CD40LG;CD40;XRCC4;IKBKB;CTPS1;LCK;PRKDC;AK2;CD3D;CD3E;CD247;PTPRC;CORO1A;LAT;JAK3;RHOH;TMC6;TMC8;CXCR4;NKX2-5;RPSA;FCGR3A;IFNAR2;STAT2;MEFV;SH3BP2;MVK;IL1RN;PSMB8;EGFR;ADAM17;PLCG2;IL36RN;PSTPIP1;LPIN2;TNFRSF1A;NOD2;NLRP3;NLRC4;CLEC7A;IL17RA;IL17F;TRAF3IP2;IL17RC;MYD88;UNC93B1;TLR3;TICAM1;TRAF3;TBK1;CARD9;IRAK4;CYBB;IFNGR2;IFNGR1;IRF8;ISG15;IL12RB1;IL12B;RORC;TYK2;CSF2RB;CSF2RA;OAS1;GATA2;NCF1;NCF2;CYBA;NCF4;CEBPE;SMARCD2;MPO;RAC2;CTSC;SBDS;EFL1;SRP54;DNAJC21;FPR1;SLC35C1;FERMT3;ITGB2;ELANE;VPS13B;TAZ;VPS45;RBSN;LAMTOR2;SLC37A4;TCIRG1;GFI1;G6PC3;CSF3R;CXCR2;JAGN1;HAX1;CD59;CFD;CFI;CFH;CFP;SERPING1;C5;C6;C7;C8A;C8B;C8G;C9;C2;C4A;C4B;C1QA;C1QB;C1QC;C1S;C1R;C3;MASP2;FCN3
Rare genetic cardiac disease	TTN;PKP2;RYR2;TGFB3;DSC2;DSG2;DSP;JUP;LDB3;LMNA;TMEM43;CTNNA3;MYH7;NKX2-6;PLXND1;PLEKHM2;ACTC1;TNNT2;TPM1;DTNA;MYBPC3;MIB1;PRDM16;MYH7B;MIB2;SEMA3E;CHD7;TBX1;ARVCF;GP1BB;UFD1;COMT;HIRA;JMJD1C;RREB1;SEC24C;RFC2;BAZ1B;TBL2;CLIP2;ELN;GTF2I;GTF2IRD1;LIMK1;DYNC2LI1;GLI1;EVC;EVC2;TBX5;JAG1;NOTCH2;RBM10;NKX2-5;TAB2;FLNA;COL1A2;MED13L;HNRNPK;IGFBP7;KAT6A;CCDC174;AFF4;PUF60;HYAL2;TKT;HOXA1;KYNU;HAAO;B3GLCT;COG1;P4HA1;CHST14;DSE;PIGL;B3GAT3;COG7;MGAT2;RRAS;PTPN11;BRAF;SOS1;KRAS;RAF1;NRAS;KAT6B;RIT1;LZTR1;A2ML1;RASA2;SOS2;HRAS;MAP2K2;NF1;MAP2K1;PPP1CB;SHOC2;CBL;AGL;GYS1;GAA;PRKAG2;LAMP2;MT-TQ;MT-CO1;MT-CO2;MT-CO3;MT-ND1;MT-ND4;MT-ND5;MT-ND6;MT-TL1;MT-TW;MT-TH;MT-TS1;MT-TS2;MT-TF;MT-TP;MT-TK;MT-RNR1;NDUFS2;MT-ATP6;MT-CYB;MT-ND2;MT-ND4L;SLC25A4;AGK;COQ9;MTO1;ELAC2;MRPL44;COQ4;GTPBP3;ATAD3A;MT-ND3;HADHA;HADHB;SLC25A20;SLC25A32;FLAD1;ETFA;ETFB;ETFDH;ACADVL;ACAD9;ACADL;FXN;DMPK;WT1;SOX9;SRY;DHH;NR0B1;NR5A1;DMRT1;CBX2;MAP3K1;MYO6;CDKN1C;H19;KCNQ1OT1;IGF2;NSD1;CRYAB;SLC25A3;DES;MANBA;FUCA1;GLA;IDS;IDUA;TAF1A;NEBL;PPCS;ABCC9;PSEN1;PSEN2;SCN5A;SDHA;SGCD;TAZ;TCAP;TNNI3;CSRP3;DMD;FKTN;DOLK;MYH6;TMPO;TNNC1;VCL;ACTN2;FHL2;PLN;BAG3;RBM20;NEXN;TXNRD2;GATAD1;MYPN;LAMA4;ANKRD1;GBE1;DPM3;PGM1;SGCA;LIMS2;RBCK1;SGCG;SGCB;SYNE1;SYNE2;EMD;FHL1;LTBP4;MT-ATP8;RRM2B;SLC22A5;ALMS1;RERE;GABRD;SKI;KCNAB2;EPG5;EYA4;DNAJC19;XK;ACAD8;NPPA;ABCC6;ENPP1;FLNC;KIF20A;TTR;GBA;SCARB2;HCN4;SCN1B;TRPM4;CASQ2;TRDN;CALM1;CALM2;CALM3;TECRL;DPP6;CLIC2;CACNA1D;SGO1;TNNI3K;CACNA1C;CACNB2;KCNE3;GPD1L;SCN3B;KCNJ8;CACNA2D1;KCND3;SCN10A;SLMAP;AKAP9;KCNE5;RANGRF;SCN2B;PITX2;GATA4;KCNE1;KCNE2;KCNJ2;KCNQ1;GJA5;MYL4;SCN4B;KCNA5;NUP155;GATA6;GATA5;TANGO2;BVES;KCNH2;KCNJ5;CAV3;ANK2;SNTA1;NOS1AP
Rare genetic renal disease	HBB;HBA2;HBA1;RAD51;MAD2L2;BRCA1;XRCC2;RFWD3;BRCA2;BRIP1;ERCC4;FANCA;FANCB;FANCC;FANCD2;FANCE;FANCF;FANCG;FANCL;FANCM;FANCI;PALB2;RAD51C;SLX4;UBE2T;VHL;DZIP1L;PKHD1;CEP55;TMEM107;RPGRIP1;CEP290;TMEM67;MKS1;RPGRIP1L;CC2D2A;TMEM216;WDPCP;TCTN2;B9D1;B9D2;TMEM231;CSPP1;TSC1;TSC2;GANAB;PKD1;PKD2;BICC1;IFT140;IFT172;BBS1;BBS10;BBS2;BBS4;BBS5;BBS7;BBS9;TRIM32;TTC8;ARL6;MKKS;NPHP1;BBS12;SDCCAG8;LZTFL1;BBIP1;IFT27;C8ORF37;UMOD;TMEM237;NPHP3;NEK8;FAN1;CRB2;GLIS3;GLA;ATP7B;SERPINA1;PEX11B;PEX2;PEX1;PEX10;PEX12;PEX13;PEX14;PEX16;PEX19;PEX26;PEX3;PEX5;PEX6;SLC6A19;ALDOB;APRT;FAM20A;SLC16A12;COQ2;PDSS2;FAH;SLC2A2;MUT;MMADHC;CYP24A1;SLC34A1;PRPS1;CTNS;SLC5A2;AMN;CUBN;SLC37A4;G6PC;LCAT;MMAA;MMAB;NEU1;AGXT;MOCOS;XDH;HOGA1;GRHPR;HPRT1;P4HA1;CHST14;DSE;SLC35A1;ALG8;ALAS2;FECH;UROS;GATA1;HFE;UROD;PPOX;CPOX;HMBS;ALAD;GALE;GALK1;GALT;RFC2;BAZ1B;TBL2;CLIP2;ELN;GTF2I;GTF2IRD1;LIMK1;SCNN1B;SCNN1G;CYP11B1;CYP11B2;PDE3A;TSHR;ABCC6;ENPP1;NF1;KLHL3;CUL3;KIF1B;MDH2;RET;SDHA;SDHB;SDHC;SDHD;FH;SDHAF2;TMEM127;MAX;HSD11B2;NR3C2;WNK1;WNK4;APOA2;FGA;APOA1;LYZ;TREX1;COL4A6;COL4A5;ITGA3;CD151;COL4A1;COL4A3;COL4A4;SCARB2;LMX1B;MYH9;SMARCAL1;OSGEP;TP53RK;WDR73;NUP107;TPRKB;LAGE3;WDR4;LAMB2;WT1;APOE;CFH;DGKE;SOX18;NPHS2;PLCE1;CD2AP;APOL1;NUP93;PTPRO;NPHS1;ARHGDIA;EMP2;ANKFY1;INF2;NUP205;ACTN4;GAPVD1;TRPC6;PAX2;MYO1E;ARHGAP24;COQ8B;ANLN;FN1;COQ6;SGPL1;THBD;MTR;CFB;C3;CD46;ADAMTS13;CFI;CFHR4;CFHR1;CFHR3;CFHR5;OCRL;DYNC2LI1;IFT80;DYNC2H1;TTC21B;WDR19;WDR60;WDR34;CEP120;TMEM138;ZNF423;SCNN1A;KCNJ10;SLC12A3;CLCNKB;ALMS1;IFT122;WDR35;IFT43;IFT52;SLC9A3R1;CASR;INVS;IQCB1;NPHP4;CEP164;TRAF3IP1;REN;EHHADH;AVPR2;AQP2;ADCY10;SARS2;TWNK;SLC30A9;BSND;CLCNKA;MUC1;CLDN10;DCDC2;SLC22A12;SLC2A9;CLCN5;ANKS6;CEP83;GLIS2;MAPKBP1;XPNPEP3;SLC7A9;SLC3A1;SLC12A1;KCNJ1;MAGED2;CA2;MT-TL1;FOXI1;ATP6V0A4;ATP6V1B1;SLC4A1;SLC4A4;PREPL;CAMKMT;PPM1B;FXYD2;HNF1B;CLDN19;CLDN16;KCNA1;TRPM6;EGF;CNNM2;SLC34A3;DMP1;PHEX;FGF23;GNAS;STX16;TBX18;GREB1L;ITGA8;FGF20;FRAS1;BMP4;FREM2;FREM1;UPK3A;DSTYK;PBX1;ACE;AGT;AGTR1;TP63;ISL1;CHRM3;SEMA3E;CHD7;TBX1;ARVCF;GP1BB;UFD1;COMT;HIRA;JMJD1C;RREB1;SEC24C;RRAS;PTPN11;BRAF;SOS1;KRAS;RAF1;NRAS;KAT6B;RIT1;LZTR1;A2ML1;RASA2;SOS2;SALL1;DACT1;SIX1;EYA1;SIX5;BDNF;PAX6;GLI1;EVC;EVC2;HOXD13;VANGL1;FUZ;GPC3;GPC4;GRIP1;NOTCH2;GATA3;GLI3;LMOD1;MYH11;ACTG2;MYLK;VPS33B;VIPAS39;HPSE2;LRIG2;OFD1;MAFB;JAG1;SETBP1;DHCR7;CDKN1C;H19;KCNQ1OT1;IGF2;NSD1;CREBBP;EP300;KIF14;CENPF;PUF60;FIBP;KYNU;HAAO;HNF4A;GDF1
Rare genetic developmental defect during embryogenesis	ATM;KITLG;SNAI2;SOX10;MITF;EDNRB;PAX3;ACVRL1;SMAD4;ENG;GDF2;HRAS;WRN;PTPN11;BRAF;RAF1;SLC39A4;ERCC2;ERCC6;ERCC5;ERCC1;ZMPSTE24;LMNA;ANTXR2;MBTPS2;NSDHL;KRT16;KRT17;KRT6A;KRT6B;HCCS;COX7B;NDUFB11;XPA;ERCC3;XPC;DDB2;ERCC4;ABCC6;ENPP1;PLEC;ADAMTS17;CERS3;POLE;SMARCAD1;PCNA;ECM1;MYO5A;POLH;ERCC8;RSPO4;SLC39A13;P4HA1;CHST14;DSE;COL1A1;COL1A2;FLNA;TNXB;PLOD1;COL3A1;COL5A1;ADAMTS2;FKBP14;C1S;C1R;B4GALT7;B3GALT6;ZNF469;PRDM5;GORAB;PYCR1;SLC2A10;RIN2;LTBP4;EFEMP2;ATP7A;ALDH18A1;FBLN5;ELN;ATP6V0A2;ATP6V1E1;ATP6V1A;COL7A1;MMP1;LAMA3;COL17A1;ITGB4;ITGA3;ITGA6;LAMB3;LAMC2;EDA;EDA2R;DYNC2LI1;GLI1;EVC;EVC2;IKBKG;DKC1;TERT;TERC;TINF2;NOP10;NHP2;USB1;WRAP53;CTC1;RTEL1;PARN;LIG4;NSUN2;GJB2;GJB6;COL11A1;SLC13A5;ROGDI;TP63;GJA1;RIPK4;TWIST2;KRAS;MAP2K1;MAP2K2;CDH3;IFT122;WDR35;IFT43;WDR19;IFT52;PORCN;SLC25A24;ANTXR1;ABCA5;KCTD1;PKP1;CTNND1;CDH1;NECTIN4;MSX1;UBR1;WNT10A;OFD1;CTSC;SETBP1;PNPLA6;DLX3;PEX1;PEX6;RMRP;PIGL;DSP;SASH1;EDAR;EDARADD;TRAF6;KDF1;CYP26C1;GRHL2;KRT14;KRT85;KRT74;HOXC13;MPLKIP;GTF2H5;RNF113A;GTF2E2;SOX3;NFKBIA;NECTIN1;TRPS1;EXT1;ATP6V1B2;TBC1D24;FGF10;FGFR3;FGFR2;CANT1;XYLT1;FLNB;TAB2;TGFBR2;FBN1;B3GAT3;PLOD3;YY1AP1;GZF1;SUMF1;GLA;CBS;PEX11B;PEX2;PEX10;PEX12;PEX13;PEX14;PEX16;PEX19;PEX26;PEX3;PEX5;ALPL;ABCD1;BCAP31;NEU1;SUOX;LBR;DHCR7;EBP;MSMO1;DHCR24;SC5D;MVK;PDHX;PDHB;DLD;PDP1;DLAT;PDHA1;SLC25A4;AGK;SLC25A22;SIK1;GLRX5;SLC25A12;SLC25A26;SLC25A3;TIMM8A;MT-CYB;ABCB7;ATAD3A;MSTO1;ETHE1;SLC3A1;PREPL;CAMKMT;PPM1B;LIAS;LIPT1;MECR;IBA57;ISCA2;NFU1;BOLA3;TMEM126B;TIMMDC1;MT-ND1;MT-ND2;MT-ND3;NDUFAF2;NDUFS1;NDUFS2;NDUFS3;NDUFS4;NDUFS6;NDUFS7;NDUFS8;NDUFV1;NDUFV2;NDUFA1;NDUFAF4;NDUFAF5;NDUFA11;NDUFAF3;NUBPL;FOXRED1;NDUFAF1;NDUFB9;NDUFB3;NDUFB10;MT-ATP6;MT-ATP8;ATPAF2;ATP5F1E;ATP5F1A;ATPAF1;ATP5F1D;COX10;MT-CO1;MT-CO2;MT-CO3;COX6B1;COX14;COX20;COA3;COX8A;PET117;COX5A;SDHA;SDHB;SDHD;SDHAF1;BCS1L;UQCRQ;UQCRB;TTC19;UQCRC2;CYC1;LYRM7;UQCC2;UQCC3;RRM2B;MT-TL1;MT-TS1;MT-TL2;MT-TN;RNASEH1;MT-TQ;MT-ND4;MT-ND5;MT-ND6;MT-TW;MT-TH;MT-TS2;MT-TF;MT-TP;MT-TK;MT-RNR1;MT-ND4L;TRMU;MT-TV;MT-TE;TFB1M;MT-TT;COX4I2;SCO1;SCO2;COX15;COA5;COA6;DNM1L;GFER;SURF1;COX6A1;MFF;MIPEP;NDUFA13;SLC19A3;NDUFAF6;TACO1;NDUFA2;NDUFA10;NDUFA9;MTFMT;PET100;NDUFA4;ECHS1;NDUFA12;COQ2;PDSS2;NDUFB8;LRPPRC;FASTKD2;TMEM126A;CHCHD10;SFXN4;APOPT1;OPA3;OPA1;TMEM70;SERAC1;LYRM4;NFS1;ISCU;ACAD9;MGME1;POLG;TYMP;TK2;POLG2;TWNK;DGUOK;DNA2;AFG3L2;MPV17;SUCLA2;SUCLG1;FBXL4;APTX;COQ8A;PDSS1;COQ6;COQ9;COQ4;RARS2;TSFM;PUS1;YARS2;GFM1;DARS2;MRPS22;TUFM;MRPS16;MTPAP;ERAL1;HSD17B4;HARS2;CLPP;LARS2;AIFM1;RMND1;FARS2;MRPL3;PNPT1;AARS2;MTO1;ELAC2;SARS2;MRPL44;MARS2;EARS2;MRPS7;IARS2;GTPBP3;NARS2;VARS2;TARS2;TXN2;TRMT10C;TRMT5;CARS2;SPG7;C12ORF65;GUSB;ARSB;IDS;GALNS;GLB1;HYAL1;SGSH;NAGLU;HGSNAT;GNS;IDUA;AGA;MANBA;FUCA1;CTSA;MAN2B1;NAGA;GNPTAB;MCOLN1;GNPTG;SLC35A3;SLC35A2;PIGN;PIGA;LARGE1;POMGNT1;POMT1;POMT2;FKTN;FKRP;B3GALNT2;GMPPB;COL4A1;DAG1;ISPD;POMGNT2;RXYLT1;B4GAT1;POMK;B4GALT1;DLL3;MESP2;LFNG;HES7;RIPPLY2;PIGV;PIGO;PGAP2;PGAP3;PIGW;PIGY;COG1;CHST3;SLC35D1;INPPL1;EXT2;TMEM165;PIGT;CHSY1;B3GLCT;COG7;MGAT2;RFT1;GNAS;STX16;RASA1;TFAP2B;PRDM6;PTPN14;IDH2;IDH1;PTEN;AKT1;PIK3CA;AGGF1;CCBE1;FAT4;ADAMTS3;KIF11;GATA2;SOX18;FOXC2;RELN;VEGFC;FLT4;GJC2;MPI;TEK;CCM2;KRIT1;PDCD10;GLMN;TFE3;CAMTA1;YAP1;WWTR1;GNA14;GNAQ;STAMBP;MNX1;TMCO1;SNRPB;TBX6;GDF3;MEOX1;GDF6;NPR2;HNRNPK;MYO18B;VPS33A;BMPER;ABCC9;KCNJ8;DPH1;SPECC1L;EFNB1;ZSWIM6;ALX4;ALX1;ALX3;SIX2;TCOF1;POLR1D;POLR1C;PRKAR1A;PDE4D;EDNRA;GNAI3;PLCB4;EDN1;SALL1;DACT1;SIX1;EYA1;SIX5;TMEM216;KIF7;CPLANE1;TCTN3;PDE6D;KIAA0753;NEK1;DDX59;C2CD3;IFT57;LMX1B;TBX4;ORC4;ORC6;CDT1;CDC6;ORC1;GMNN;CDC45;PITX1;STXBP1;KAT6B;ERF;LRP5;CD96;RECQL4;SMO;SKI;MSX2;CYP26B1;IL11RA;KAT6A;ZNF462;TWIST1;MEGF8;RAB23;FGFR1;FREM1;ZIC1;TCF12;NOG;GDF5;FGF9;MECOM;HOXA11;GLI3;ZNF141;IQCE;SHH;LMBR1;BHLHA9;FGF16;HOXD13;FBLN1;SMC1A;NIPBL;SMC3;HDAC8;RAD21;KMT2A;SETD5;RAD51;MAD2L2;BRCA1;XRCC2;RFWD3;BRCA2;BRIP1;FANCA;FANCB;FANCC;FANCD2;FANCE;FANCF;FANCG;FANCL;FANCM;FANCI;PALB2;RAD51C;SLX4;UBE2T;RBM8A;TBX5;ESCO2;NOTCH1;ARHGAP31;DOCK6;RBPJ;EOGT;DLL4;SALL4;BMPR1B;TBX3;WNT7A;RSPO2;WNT3;KNSTRN;PIK3CD;THPO;MYSM1;MAP3K20;DLX5;TBX15;ICK;SF3B4;DHODH;EIF4A3;EFTUD2;HPGD;CEP55;TMEM107;RPGRIP1;CEP290;TMEM67;MKS1;RPGRIP1L;CC2D2A;WDPCP;TCTN2;B9D1;B9D2;TMEM231;CSPP1;SUFU;TGDS;CCNQ;HOXA13;APC;LRP4;CKAP2L;GLI2;MYH8;CWC27;ARID2;SMARCB1;SMARCA4;ARID1B;ARID1A;SMARCE1;SOX11;DPF2;HDAC4;PDE3A;CREBBP;EP300;MIR17HG;MYCN;AFF4;EXOSC2;TRPV4;ROR2;PTHLH;IHH;BMP2;DLX6;EPS15L1;SEM1;WNT10B;BTRC;ACAN;MET;RNU4ATAC;UFSP2;COL9A1;COL9A2;COL9A3;COMP;COL2A1;SLC26A2;MATN3;IFT140;IFT172;NEK9;IFT80;DYNC2H1;TTC21B;WDR60;WDR34;CEP120;KIAA0586;TRAF3IP1;MMP13;MMP9;COL10A1;RUNX2;SBDS;EFL1;SRP54;DNAJC21;PTH1R;SOX9;LIFR;HDAC6;SHOX;NXN;COL11A2;DVL3;WNT5A;DVL1;FZD2;GSC;MAB21L2;GPC6;LTBP3;ADAMTSL2;ADAMTS10;LTBP2;PRMT7;MYH3;PAM16;EXTL3;TRIP11;GPX4;PAPSS2;AGPS;PEX7;GNPAT;MGP;ARSE;IMPAD1;COL27A1;KIF22;ATR;CENPJ;PCNT;CEP152;RBBP8;ATRIP;TRAIP;PLK4;CENPE;FAM111A;CUL7;OBSL1;CCDC8;POC1A;TBCE;CDKN1C;NOTCH2;MAFB;MMP2;MMP14;BANF1;TNFRSF11A;CASR;ANKH;SLC34A1;SLC9A3R1;GNA11;AP2S1;SLC34A3;DMP1;PHEX;FGF23;CLCN5;OCRL;CYP27B1;CYP2R1;VDR;PLOD2;FKBP10;P4HB;SEC24D;P3H1;CRTAP;PPIB;CREB3L1;SERPINH1;SERPINF1;WNT1;BMP1;TMEM38B;SP7;SPARC;IFITM5;TAPT1;PLS3;ANO5;IFIH1;DDX58;WNT3A;DKK1;XYLT2;TNFRSF11B;TGFB1;SOST;TBXAS1;PTDSS1;SFRP4;VCP;HNRNPA2B1;HNRNPA1;POLR3B;MTAP;SLCO2A1;LEMD3;CLCN7;CA2;CTSK;SLC29A3;AMER1;TCIRG1;TNFSF11;SNX10;PLEKHM1;LRRK1;OSTM1;HMGA2;FERMT3;FAM20C;FIG4;VAC14;ACVR1;SH3BP2;TREM2;TYROBP;ELMO2;NF1;ACP5;FN1;PCYT1A;HSPG2;NANS;DYM;RAB33B;WISP3;LONP1;EIF2AK3;SMARCAL1;NKX3-2;RPL10;RSPRY1;HSPA9;BGN;POP1;DDRGK1;TRAPPC2;DDR2;HHAT;SH3PXD2B;MAP3K7;NSD1;SETD2;APC2;EED;EZH2;SUZ12;FBN2;NFIX;PDGFRB;TGFBR1;IL1RN;NLRC4;NLRP3;GALNT3;KL;SAMD9;LPIN2;NR5A1;FSHR;BMP15;PSMC3IP;NUP107;SPIDR;SRY;NR0B1;MCM9;CYP19A1;WNT4;RSPO1;CYP21A2;NR3C1;HSD3B2;CYP11B1;POR;AR;LHB;LHCGR;AKR1C2;AKR1C4;HSD17B3;CYB5A;CYP17A1;CYP11A1;STAR;SRD5A2;WT1;DHH;DMRT1;CBX2;MAP3K1;DMRT3;WWOX;ZFPM2;GATA4;VAMP7;BDNF;PAX6;TSPYL1;ATRX;ARX;MAMLD1;MTM1;INSR;CAVIN1;PPARG;BSCL2;AGPAT2;CAV1;FOS;PIK3R1;NAA10;POLD1;SPRTN;VHL;PTCH1;PTCH2;STK11;NRAS;TSC1;TSC2;SPRED1;ACTB;NF2;LZTR1;SDHC;SEC23B;KLLN;SEMA3E;CHD7;GPC3;GPC4;IRF6;GRHL3;PIEZO2;SCARF2;H19;KCNQ1OT1;IGF2;RBM10;TBX1;ARVCF;GP1BB;UFD1;COMT;HIRA;JMJD1C;RREB1;SEC24C;PAH;RPL18;RPS27;RPL27;TSR2;RPL35;RPS19;RPS24;GATA1;RPS17;RPS7;RPL5;RPL11;RPL35A;RPS10;RPS26;RPL26;RPL15;RPS29;RPS28;STAC3;MYMK;TBX22;TFAP2A;FOXE1;HOXA2;HYLS1;DDX3X;HYAL2;KDM1A;KIF1BP;PLXND1;REV3L;HOXB1;TSHZ1;GPRASP2;POLR1A;TXNL4A;IGSF3;NHS;FAM20A;CNNM4;GINGF2;SOS1;REST;ANKRD11;BCOR;FGF3;KCNH1;FADD;PAX1;RNF135;DIS3L2;AKT2;HERC1;DNMT3A;DICER1;AKT3;SLC16A1;HNF4A;KCNJ11;ABCC8;UCP2;HNF1A;HADH;GLUD1;GCK;SH2B1;SIM1;CEP19;LEP;FMR1;RPS6KA3;DEAF1;RAI1;FLII;IQSEC2;VPS13B;SNRPN;SNORD115@;MAGEL2;NDN;SNORD116@;ALMS1;PHF6;MEG3;DLK1;RTL1;LAS1L;BBS1;BBS10;BBS2;BBS4;BBS5;BBS7;BBS9;TRIM32;TTC8;ARL6;MKKS;NPHP1;BBS12;SDCCAG8;LZTFL1;BBIP1;IFT27;C8ORF37;TRAPPC9;INPP5E;KIDINS220;EIF2S3;OCA2;RFC2;BAZ1B;TBL2;CLIP2;GTF2I;GTF2IRD1;LIMK1;FGD1;BLM;SRCAP;KMT2D;KDM6A;RAP1A;RAP1B;TRIM37;THOC2;NBAS;QARS;PUF60;USP9X;TPM3;TKT;RYR1;RRAS;RIT1;A2ML1;RASA2;SOS2;PPP1CB;SHOC2;CBL;IRX5;PKD1L1;ZIC3;ACVR2B;LEFTY2;NODAL;CFAP53;MMP21;CFC1;PTF1A;PDX1;GPC1;PKHD1;NKX2-5;RPSA;ANKS3;NME7;CITED2;CFAP52;JAG1;NPHP3;NEK8;RFX6;HLX;TRAPPC11;AAAS;GMPPA;SOX2;CLMP;TTC7A;ZEB2;CENPF;MYH14;FRAS1;FREM2;GRIP1;PHOX2B;PITX2;FOXC1;MID1;ERMARD;MED12;PQBP1;VANGL1;FUZ;MYOD1;RAPSN;DOK7;MUSK;GLE1;STRA6;RARB;MIR204;KERA;FOXE3;ACTG1;FZD5;SALL2;ABCB6;CRYAA;CRYBB2;GJA8;HSF4;MIP;LIM2;EPHA2;FYCO1;CRYGB;GCNT2;LSS;LEMD2;SIPA1L3;RS1;NDP;MFRP;TMEM98;PRSS56;VSX1;ZEB1;COL8A2;OVOL2;TRIM44;CYP1B1;PAX2;SRD5A3;SIX6;IGBP1;MYOC;CHRDL1;COL4A3;COL4A4;COL4A5;SLITRK6;CRIM1;OTX2;SMOC1;BMP4;HMX1;RAB3GAP1;RAB3GAP2;RAB18;TBC1D20;VSX2;TENM3;RBP4;LAMB2;ITPR1;TUBA8;PROKR2;HESX1;ARNT2;MMP19;PHGDH;PSAT1;SEMA5A;CTNND2;RB1;SIL1;INPP5K;CTDP1;UBE3B;FOXL2;DMPK;CNBP;FLI1;PABPN1;ALG2;DPAGT1;GFPT1;ALG14;DBH;PHOX2A;KIF21A;TUBB3;TUBB2B;COL25A1;ZFHX4;CHAT;AGRN;SLC25A1;SNAP25;SYT2;MYO9A;SLC5A7;VAMP1;SLC18A3;COL13A1;SCN4A;CHRNA1;CHRNB1;CHRND;CHRNE;AK9;COLQ;SULT2B1;SDR9C7;ABCA12;ALOX12B;ALOXE3;TGM1;CYP4F22;NIPAL4;LIPN;SERPINB8;CSTA;PNPLA1;ADAMTSL4;ASPH;BEST1;NSD2;NELFA;LETM1;CHRNA7;ZDHHC9;UPF3B;WASHC5;CCDC22;MECP2;PRRX1;CDH11;EMG1;C12ORF57;ATIC;KMT2C;EHMT1;DYRK1A;TCF4;SIX3;TGIF1;ZIC2;TDGF1;FOXH1;FGF8;DISP1;CDON;DLL1;GAS1;SMARCA2;PAFAH1B1;YWHAE;CNTNAP2;NRXN1;ITCH;MBD5;MEF2C;PACS1;DCHS1;PURA;SSR4;MED13L;GRIA3;MTHFR;VANGL2;KANSL1;GATAD2B;CTCF;THOC6;ASXL3;AUTS2;COLEC10;MASP1;COLEC11;WAC;MED25;HACE1;PTRH2;MTOR;PPP2R5D;PPP2R1A;FRMD4A;NONO;POGZ;SLC39A8;CTNNB1;ADNP;DOCK7;NALCN;UNC80;TTI2;TAF2;SNX14;KPTN;BRF1;OTUD6B;YY1;TBCD;RERE;SON;RAC1;SIN3A;TRAPPC12;FIBP;STAG1;TAF1;EMC1;PYCR2;TRIO;TELO2;PUS3;TBCK;CDC42;TBL1XR1;NEB;CHRNG;SLC6A8;PLAA;STAG2;SLC9A6;KDM5C;PHF8;CUL4B;AP1S2;AMMECR1;ACSL4;KCNE5;WDR26;KLHL7;ASXL1;ZNF335;NIN;LARP7;RTTN;GPKOW;FTO;PLAT;LRP2;DPP6;BRCC3;NFIA;HOXA1;PHF21A;TNNI2;TNNT3;TPM2;MYBPC1;ERBB3;PIP5K1C;EPG5;DDX11;NBN;MRE11;RAD50;SEC23A;KYNU;HAAO;XRCC4;TBX18;GREB1L;RET;ITGA8;FGF20;UPK3A;DSTYK;PBX1;HNF1B;ACE;AGT;REN;AGTR1;ISL1;CHRM3;GATA3;LMOD1;MYH11;ACTG2;MYLK;VPS33B;VIPAS39;HPSE2;LRIG2;KIF14;GDF1;CHUK;ECEL1;ERGIC1;UBA1;ZC4H2;CNTNAP1;ADCY6;LGI4;CNTN1;SYNE1;ASCC1;TRIP4;HOXD10;ROBO3;SEPSECS;VPS53;HEPACAM;FLVCR2;JAM3;IER3IP1;CASK;TMEM237;TMEM138;ZNF423;OPHN1;ACD;AHI1;CEP41;LAMA1;GPSM2;TUBA1A;KPNA7;NDE1;KATNB1;DCX;HIC1;LAMB1;L1CAM;SLC12A6;DISC1;EOMES;POLR3A;PIK3R2;CCND2;MED17;PPP1R15B;TRMT10A;DIAPH1;SLC25A19;CCDC88C;MPDZ;CHN1;TSEN54;TSEN15;TSEN34;TSEN2;VRK1;EXOSC3;EXOSC8;EXOSC9;CHMP1A;AMPD2;TOE1;CLP1;PCLO;PIBF1;ARL13B;TCTN1;CEP104;KIAA0556;ARMC9;ARL3;ZIC4;CIT;NCAPD3;COPB2;TAF13;CDK5RAP2;ASPM;MCPH1;STIL;WDR62;CEP63;CEP135;KNL1;PHC1;CDK6;SASS6;MFSD2A;ANKLE2;TBC1D7;LAMC3;ARFGEF2;NEDD4L;TMTC3;MAP1B;EML1;GRIN1;SRPX2;ADGRG1;PI4KA;EMX2;COL4A2;NOTCH3;TBXT;MTHFD1;GATA5;SMAD6;NR2F2;CRELD1;GATA6;TLL1;ACTC1;MYH6;TBX20
Rare genetic bone disease	AGA;SUMF1;MANBA;FUCA1;GNPTAB;GUSB;CTSA;ARSB;IDS;MAN2B1;SLC17A5;GALNS;GLB1;GNPTG;HYAL1;SGSH;NAGLU;HGSNAT;GNS;IDUA;NEU1;DLL3;MESP2;LFNG;HES7;RIPPLY2;MNX1;TMCO1;SNRPB;COG1;TBX6;GDF3;MEOX1;GDF6;NPR2;HNRNPK;MYO18B;VPS33A;BMPER;FGFR3;ABCC9;KCNJ8;DPH1;SPECC1L;EFNB1;ZSWIM6;ALX4;ALX1;ALX3;SIX2;TCOF1;POLR1D;POLR1C;PRKAR1A;PDE4D;EDNRA;GNAI3;PLCB4;EDN1;SALL1;DACT1;SIX1;EYA1;SIX5;OFD1;TMEM216;KIF7;CPLANE1;TCTN3;PDE6D;KIAA0753;NEK1;DDX59;C2CD3;IFT57;LMX1B;TBX4;ORC4;ORC6;CDT1;CDC6;ORC1;GMNN;CDC45;PITX1;STXBP1;KAT6B;FGFR2;ERF;LRP5;CD96;RECQL4;SMO;IFT122;WDR35;IFT43;WDR19;IFT52;SKI;FBN1;MSX2;CYP26B1;IL11RA;KAT6A;ZNF462;TWIST1;MEGF8;RAB23;FGFR1;FREM1;ZIC1;TCF12;FLNA;NOG;GDF5;FGF9;MECOM;HOXA11;GLI3;ZNF141;IQCE;SHH;LMBR1;BHLHA9;FGF16;HOXD13;FBLN1;GJA1;SMC1A;NIPBL;SMC3;HDAC8;RAD21;KMT2A;SETD5;RAD51;MAD2L2;BRCA1;XRCC2;RFWD3;BRCA2;BRIP1;ERCC4;FANCA;FANCB;FANCC;FANCD2;FANCE;FANCF;FANCG;FANCL;FANCM;FANCI;PALB2;RAD51C;SLX4;UBE2T;RBM8A;TBX5;ESCO2;TP63;NOTCH1;ARHGAP31;DOCK6;RBPJ;EOGT;DLL4;SALL4;BMPR1B;TBX3;WNT7A;RSPO2;WNT3;KNSTRN;PIK3CD;THPO;MYSM1;MAP3K20;DLX5;TBX15;ICK;SF3B4;DHODH;EVC;EVC2;EIF4A3;EFTUD2;HPGD;CEP55;TMEM107;RPGRIP1;CEP290;TMEM67;MKS1;RPGRIP1L;CC2D2A;WDPCP;TCTN2;B9D1;B9D2;TMEM231;CSPP1;SUFU;TGDS;CCNQ;FGF10;HOXA13;APC;LRP4;CKAP2L;DHCR7;GLI2;LMNA;MYH8;CWC27;ARID2;SMARCB1;SMARCA4;ARID1B;ARID1A;SMARCE1;SOX11;DPF2;HDAC4;PDE3A;PIGV;PIGL;PIGO;PGAP2;PGAP3;PIGW;PIGY;CHSY1;CREBBP;EP300;MIR17HG;MYCN;AFF4;EXOSC2;TRPV4;ROR2;PTHLH;IHH;BMP2;CDH3;DLX6;EPS15L1;SEM1;WNT10B;BTRC;ACAN;COL2A1;HBB;GBA;SCARB2;PROS1;HRG;PROC;SERPINC1;MET;RNU4ATAC;UFSP2;COL11A1;COL9A1;COL9A2;COL9A3;COMP;SLC26A2;MATN3;IFT140;IFT172;NEK9;DYNC2LI1;IFT80;DYNC2H1;TTC21B;WDR60;WDR34;CEP120;GLI1;KIAA0586;TRAF3IP1;MMP13;MMP9;COL10A1;RUNX2;RMRP;SBDS;EFL1;SRP54;DNAJC21;PTH1R;SOX9;LIFR;HDAC6;SHOX;NXN;COL11A2;DVL3;WNT5A;DVL1;FZD2;GSC;MAB21L2;GPC6;LTBP3;SMAD4;ADAMTSL2;ADAMTS10;LTBP2;PRMT7;TRPS1;EXT1;GNAS;INPPL1;SLC35D1;MYH3;FLNB;PAM16;EXTL3;TRIP11;GPX4;PAPSS2;LBR;NSDHL;AGPS;PEX7;GNPAT;PEX5;MGP;EBP;ARSE;CANT1;XYLT1;CHST3;IMPAD1;B4GALT7;B3GAT3;COL27A1;GZF1;KIF22;B3GALT6;ATR;CENPJ;PCNT;CEP152;RBBP8;ATRIP;TRAIP;PLK4;CENPE;FAM111A;CUL7;OBSL1;CCDC8;PIGT;POC1A;TBCE;CDKN1C;NOTCH2;ANTXR2;MAFB;ZMPSTE24;MMP2;MMP14;BANF1;TNFRSF11A;CASR;ANKH;ALPL;SLC34A1;SLC9A3R1;GNA11;AP2S1;SLC34A3;DMP1;ENPP1;PHEX;FGF23;CLCN5;OCRL;CYP27B1;CYP2R1;VDR;PLOD2;FKBP10;GORAB;PYCR1;P4HB;SEC24D;COL1A1;COL1A2;P3H1;CRTAP;PPIB;CREB3L1;SERPINH1;SERPINF1;WNT1;BMP1;TMEM38B;SP7;SPARC;IFITM5;TMEM165;TAPT1;PLS3;ANO5;IFIH1;DDX58;WNT3A;DKK1;XYLT2;ATP6V0A2;ATP6V1E1;ATP6V1A;TNFRSF11B;TGFB1;SOST;TBXAS1;PTDSS1;SFRP4;DLX3;VCP;HNRNPA2B1;HNRNPA1;POLR3B;MTAP;SLCO2A1;LEMD3;CLCN7;CA2;CTSK;SLC29A3;AMER1;TCIRG1;TNFSF11;SNX10;PLEKHM1;LRRK1;IKBKG;OSTM1;HMGA2;FERMT3;FAM20C;DHCR24;COX4I2;FIG4;VAC14;IDH2;IDH1;ACVR1;SH3BP2;TREM2;TYROBP;PTPN11;ELMO2;EXT2;NF1;ACP5;FN1;PCYT1A;HSPG2;AIFM1;NANS;DYM;RAB33B;WISP3;LONP1;EIF2AK3;SMARCAL1;SLC39A13;NKX3-2;RPL10;RSPRY1;IARS2;HSPA9;BGN;POP1;DDRGK1;TRAPPC2;DDR2;HHAT;SH3PXD2B;MAP3K7;PTEN;AKT1;NSD1;SETD2;APC2;EED;EZH2;SUZ12;FBN2;PIK3CA;NFIX;TGFBR2;PDGFRB;TGFBR1;IL1RN;NLRC4;NLRP3;GALNT3;KL;SAMD9;LPIN2;AGGF1;RASA1
Rare genetic odontologic disease	GINGF2;SOS1;REST;BRF1;PTH1R;FAM83H;SLC24A4;ITGB6;AMTN;ACP4;ENAM;LAMB3;AMBN;DLX3;GPR68;AMELX;KLK4;MMP20;WDR72;ODAPH;SUMO1;AXIN2;EDA;EDARADD;FGFR1;IRF6;WNT10A;MSX1;PAX9;TGFA;LRP6;WNT10B;DSPP;SMOC2;SSUH2;VPS4B;PLOD2;FKBP10;COL1A1;COL1A2;P3H1;CRTAP;CREB3L1;PPIB;SERPINH1;SERPINF1;WNT1;BMP1;TMEM38B;SP7;SPARC;TNXB;SMARCAL1
Rare genetic hematologic disease	EPOR;EPO;EGLN1;EPAS1;VHL;ADAMTS13;VWF;SERPINA1;F5;FGA;FGB;FGG;F13A1;F13B;SERPINF2;F11;THBD;KLKB1;KNG1;SERPINE1;MCFD2;LMAN1;F8;F9;F7;F2;F10;GGCX;VKORC1;THPO;JAK2;MPL;F12;PIGM;PIGW;PROS1;HRG;PROC;SERPINC1;MASTL;CYCS;RUNX1;FLI1;TBXA2R;GATA1;SLFN14;WAS;ETV6;ANKRD26;GP1BA;GP1BB;GP9;GFI1B;TPM4;ITGA2B;ITGB3;TUBB1;ACTN1;PRKACG;PLAU;NBEAL2;ORAI1;STIM1;RBM8A;MYH9;GNE;DIAPH1;SRC;CDC42;MECOM;HOXA11;WIPF1;LYST;AP3B1;DTNBP1;BLOC1S3;HPS3;HPS5;HPS6;HPS1;HPS4;BLOC1S6;ANO6;RASGRP2;PLA2G4A;P2RY12;GP6;TCN2;MTRR;GIF;MTR;ABCD4;HCFC1;MMADHC;AMN;CUBN;MMACHC;LMBRD1;TF;TMPRSS6;STEAP3;CP;SLC11A2;DHFR;FTCD;SLC46A1;UMPS;SLC19A2;HPRT1;CYB5R3;CYB5A;HBB;HBA2;HBA1;HBG2;BCL11A;HBG1;KLF1;HBD;ATRX;COX4I2;LPIN2;CDAN1;C15ORF41;KIF23;SEC23B;PUS1;YARS2;GLRX5;SLC25A38;HSPA9;ABCB7;TRNT1;ALAS2;DGKE;LCAT;AMMECR1;ACSL4;KCNE5;CFB;CFH;C3;CD46;CFI;CFHR4;CFHR1;CFHR3;CFHR5;CD59;SLC4A1;SPTA1;SPTB;ANK1;EPB42;EPB41;GYPC;SLC2A1;RHAG;PIEZO1;KCNN4;RHCE;RHD;ABCB6;MTTP;XK;UROS;GSS;GCLC;GSR;PFKM;TPI1;PGK1;ALDOA;BPGM;GPI;PKLR;G6PD;HK1;NT5C3A;AK1;RPL18;RPS27;RPL27;TSR2;RPL35;RPS19;RPS24;RPS17;RPS7;RPL5;RPL11;RPL35A;RPS10;RPS26;RPL26;RPL15;RPS29;RPS28;DKC1;TERT;TERC;TINF2;NOP10;NHP2;USB1;WRAP53;CTC1;RTEL1;PARN;RAD51;MAD2L2;BRCA1;XRCC2;RFWD3;BRCA2;BRIP1;ERCC4;FANCA;FANCB;FANCC;FANCD2;FANCE;FANCF;FANCG;FANCL;FANCM;FANCI;PALB2;RAD51C;SLX4;UBE2T;ACD;SBDS;EFL1;SRP54;DNAJC21;SRP72;ERCC6L2;PIGA;PRF1;IFNG;TET2;CALR
Laminopathy	LMNA;TTN;PKP2;RYR2;TGFB3;DSC2;DSG2;DSP;JUP;LDB3;TMEM43;CTNNA3;PLEKHM2;ACTC1;TNNT2;TPM1;DTNA;MYBPC3;MYH7;MIB1;PRDM16;MYH7B;MIB2;SYNE1;SYNE2;ZMPSTE24
Ciliopathy	DYNC2LI1;IFT80;DYNC2H1;TTC21B;WDR19;IFT140;WDR60;IFT172;WDR34;CEP120;CEP55;TMEM107;RPGRIP1;CEP290;TMEM67;MKS1;RPGRIP1L;CC2D2A;TMEM216;WDPCP;TCTN2;B9D1;B9D2;TMEM231;CSPP1;GLI1;EVC;EVC2;ALMS1;INPP5E;AHI1;CEP41;CENPF;SCAPER;IFT88;REEP6;ARHGEF18;AGBL5;ABCA4;PRCD;PRPF3;PRPF31;PRPF8;PRPH2;RDH12;RGR;RHO;RLBP1;ROM1;RP1;RP2;RP9;RPE65;RPGR;SAG;BBS2;BEST1;CA4;CERKL;TTC8;TULP1;USH2A;CLRN1;CNGA1;CRB1;CRX;ARL6;FSCN2;HGSNAT;IMPDH1;MERTK;NR2E3;NRL;OFD1;PDE6A;PDE6B;SEMA4A;CNGB1;TOPORS;PROM1;LRAT;EYS;IDH3B;SPATA7;GUCA1B;KLHL7;SNRNP200;PCARE;PDE6G;IMPG2;FAM161A;ZNF513;CDHR1;DHDDS;PRPF6;MAK;RBP3;C8ORF37;ZNF408;ARL2BP;NEK2;TUB;KIZ;SLC7A14;PRPF4;AHR;ARL3;POMGNT1;DNAH1;PIH1D3;DNAJB13;TTC25;MCIDAS;DNAH11;DNAH5;DNAI1;NME8;DNAI2;DNAAF2;RSPH9;RSPH4A;DNAAF1;CCDC39;CCDC40;DNAL1;DNAAF3;CCDC103;DNAAF5;HYDIN;LRRC6;CCDC114;DRC1;ARMC4;DNAAF4;RSPH1;ZMYND10;CFAP298;CCDC65;SPAG1;CCNO;CCDC151;RSPH3;GAS8;STK36;CFAP300;PITPNM3;OPN1MW;NMNAT1;RIMS1;CACNA1F;CNGA3;AIPL1;GUCA1A;GUCY2D;OPN1LW;RAX2;CACNA2D4;ADAM9;UNC119;RAB28;POC1B;DRAM2;TTLL5;ATF6;PDE6C;GNAT2;CNGB3;PNPLA6;MKKS;BBS1;BBS10;BBS4;BBS5;BBS7;BBS9;TRIM32;NPHP1;BBS12;SDCCAG8;LZTFL1;BBIP1;IFT27;CEP78;MT-TS2;HARS;ADGRV1;MYO7A;WHRN;PDZD7;USH1K;CDH23;USH1C;USH1G;PCDH15;USH1E;USH1H;CIB2;GDF6;RD3;IQCB1;LCA5;KCNJ13;PCYT1A;NPHP3;INVS;NPHP4;CEP164;TRAF3IP1;TMEM237;NEK8;ANKS6;CEP83;ZNF423;GLIS2;MAPKBP1;XPNPEP3;OCRL;TMEM138;IFT122;WDR35;IFT43;IFT52;GLI3;KIF14;DCDC2
Genetic otorhinolaryngologic disease	COL11A2;MT-TQ;MT-CO1;MT-CO2;MT-CO3;MT-ND1;MT-ND4;MT-ND5;MT-ND6;MT-TL1;MT-TW;MT-TH;MT-TS1;MT-TS2;MT-TF;MT-ATP8;RRM2B;SOX10;SEMA3E;CHD7;TBX1;ARVCF;GP1BB;UFD1;COMT;HIRA;JMJD1C;RREB1;SEC24C;NSD2;NELFA;LETM1;NDP;NF2;KITLG;SNAI2;MITF;EDNRB;PAX3;SALL1;DACT1;SIX1;EYA1;SIX5;TCOF1;POLR1D;POLR1C;SLC29A3;SLC26A4;KCNJ10;FOXI1;GJB2;GJB6;AP1S1;ABHD12;WFS1;CISD2;EDN3;MYH9;PTPN11;BRAF;RAF1;FRAS1;FREM2;GRIP1;ALMS1;PRPS1;POLR1A;TXNL4A;SLC4A11;ERCC2;ERCC6;ERCC5;ERCC1;GJB3;NOG;HOXA2;GATA3;COL11A1;COL9A1;COL9A2;COL9A3;OFD1;TMEM216;KIF7;CPLANE1;TCTN3;PDE6D;KIAA0753;NEK1;ERAL1;HSD17B4;TWNK;HARS2;CLPP;LARS2;COQ6;PEX1;PEX6;THRB;GATA2;MAP3K7;GDF5;FGF9;ATP1A3;ERCC4;ERCC3;MYO6;CEP78;CLRN1;HARS;USH2A;ADGRV1;MYO7A;WHRN;PDZD7;USH1K;CDH23;USH1C;USH1G;PCDH15;USH1E;USH1H;CIB2;LHX3;GFER;RNASEH1;CACNA1D;BCAP31;SLITRK6;POLD1;SERAC1;GPSM2;DNMT1;PLOD3;CD151;PTRH2;SLC9A1;MARS2;SPATA5;MRPS7;MT-TE;MT-TK;ATP6V0A4;ATP6V1B1;MYH14;GSC;IARS2;PCNA;EDNRA;DNAJC3;HYAL2;EXOSC2;DIAPH1;GPRASP2;TRAPPC12;MAP3K20;DLX5;HOXA1;ACTB;TIMM8A;SLC19A2;FGF3;BSND;CLCNKB;CLCNKA;ERCC8;ADAMTSL1;KYNU;HAAO;COL4A3;COL4A4;COL4A5;PMP22;COL2A1;FLNA;KCNE1;KCNQ1;SLC52A3;SLC52A2;CATSPER2;STRC;RFT1;COG1;PIGL;CHSY1;PDK3;AIFM1;GJB1;ATP6V1B2;TBC1D24;TSHZ1;FGF10;FGFR3;FGFR2;FREM1;IGSF3;PTPN14
Rare genetic urogenital disease	NR5A1;MRPS22;FSHR;BMP15;PSMC3IP;NUP107;SPIDR;SOX9;SRY;SOX3;NR0B1;MCM9;CYP19A1;WNT4;ERAL1;HSD17B4;TWNK;HARS2;CLPP;LARS2;RSPO1;CYP21A2;NR3C1;HSD3B2;CYP11B1;POR;AR;LHB;LHCGR;AKR1C2;AKR1C4;HSD17B3;CYB5A;CYP17A1;CYP11A1;STAR;DHCR7;SRD5A2;WT1;DHH;DMRT1;CBX2;MAP3K1;DMRT3;WWOX;ZFPM2;GATA4;VAMP7;BDNF;PAX6;TSPYL1;HHAT;ATRX;ARX;MAMLD1;MTM1;SAMD9;ADGRG2;CFTR;TNXB;ROBO2;SOX17;SEMA3E;CHD7;FGD1;TBX22;CDH11;HOXA13;MID1;SPECC1L;KIF14;CEP55;CDKN1C;VANGL1;FUZ
Rare genetic respiratory disease	FOXF1;SFTPC;FAM111B;ITGA3;COPA;CSF2RB;CSF2RA;OAS1;NKX2-1;SFTPB;ABCA3;MARS;EIF2AK4;BMPR2;LAMA3;STRA6;RARB
Rare genetic hepatic disease	DZIP1L;PKHD1;TMEM67;RPGRIP1L;CC2D2A;INPP5E;NPHP3;TRMU;LARS;NEK8;GPD1;NBAS;SCYL1;SH2B3;PIGA;MARS;TTC37;SKIV2L;CFTR;TGFB1;DCTN4;CLCA4;STX1A;VPS33B;VIPAS39;JAG1;NOTCH2;PRKCSH;SEC63;LRP5;DCDC2;ABCB4;CLDN1;CYP51A1;AGL;PYGL;ATP7B;SERPINA1;ALDOB;ABCC2;SLCO1B1;SLCO1B3;GFM1;FTH1;SLC25A13;BCS1L;PHKA2;PHKG2;GBE1;FAH;SLC2A2;EPHX1;TJP2;BAAT;ABCD1;BCAP31;TWNK;SLC30A10;GALE;NR1H4;ABCB11;ATP8B1;UGT1A1;LIPA;SLC37A4;G6PC;PHKB;GALT;POLG;MPV17;DGUOK;UTP4;MYO5B;CYP27A1;SLC27A5;AMACR;HSD3B7;CYP7B1;AKR1D1;PEX11B;PEX2;PEX1;PEX10;PEX12;PEX13;PEX14;PEX16;PEX19;PEX26;PEX3;PEX5;PEX6;RFT1;COG4;DPM2;ALG13;PGM1;TMEM165;DDOST;B4GALT1;MOGS;ALG9;ALG2;ALG8;MPI;PMM2;SLC40A1;TFR2;HFE;BMP6;HAMP;HJV
Rare genetic endocrine disease	DMPK;RRAS;PTPN11;BRAF;SOS1;KRAS;RAF1;NRAS;KAT6B;RIT1;LZTR1;A2ML1;RASA2;SOS2;CNBP;ABCD1;LMNA;DCAF17;BRCC3;INSR;SLC16A1;HNF4A;KCNJ11;ABCC8;UCP2;HNF1A;HADH;GLUD1;GCK;NR5A1;MRPS22;FSHR;BMP15;PSMC3IP;NUP107;SPIDR;SOX9;SRY;SOX3;NR0B1;MCM9;CYP19A1;WNT4;ERAL1;HSD17B4;TWNK;HARS2;CLPP;LARS2;RSPO1;CYP21A2;NR3C1;HSD3B2;CYP11B1;POR;AR;LHB;LHCGR;AKR1C2;AKR1C4;HSD17B3;CYB5A;CYP17A1;CYP11A1;STAR;DHCR7;SRD5A2;WT1;DHH;DMRT1;CBX2;MAP3K1;DMRT3;WWOX;ZFPM2;GATA4;VAMP7;BDNF;PAX6;TSPYL1;HHAT;ATRX;ARX;MAMLD1;MTM1;SAMD9;IARS2;CTNNB1;AIRE;IGFALS;GHR;STAT5B;IGF1;IGF1R;POU1F1;PROP1;HESX1;LHX3;LHX4;TRH;IGSF1;TSHB;TRHR;FOXE1;NKX2-1;SLC26A4;TSHR;NKX2-5;PAX8;SLC5A5;TPO;DUOX2;DUOXA2;TG;IYD;SECISBP2;SLC16A2;THRB;THRA;KCNJ10;FOXI1;UBR1;PTRH2;DMXL2;GNAS;TBX19;GH1;GHRHR;RNPC3;GHSR;FSHB;WDR11;ROBO1;PROKR2;CDON;GPR161;OTX2;GLI2;RBM28;GLI3;SOX2;FGFR1;ARNT2;PTCH1;SHH;SIX3;TGIF1;ZIC2;TDGF1;FOXH1;FGF8;DISP1;NODAL;DLL1;GAS1;PITX2;FOXC1;NFKB2;SEMA3E;CHD7;HBB;PNPLA6;SNRPN;SNORD115@;MAGEL2;NDN;SNORD116@;SIM1;RNF216;RAB3GAP1;RAB3GAP2;SMCHD1;BBS1;BBS10;BBS2;BBS4;BBS5;BBS7;BBS9;CEP290;TRIM32;TTC8;ARL6;MKKS;MKS1;NPHP1;BBS12;SDCCAG8;WDPCP;LZTFL1;IFT172;BBIP1;IFT27;C8ORF37;POLR3B;POLR1C;POLR3A;OCA2;LEPR;LEP;PCSK1;CCDC141;PROK2;SOX10;ANOS1;KISS1R;NSMF;HS6ST1;SEMA3A;IL17RD;FGF17;DUSP6;SPRY4;FLRT3;FEZF1;DCC;TACR3;GNRHR;GNRH1;TAC3;KISS1;ATM;FOXL2;FMR1;NSMCE2;XRCC4;GALT;CAVIN1;PPARG;BSCL2;AGPAT2;CAV1;FOS;PSMB8;BANF1;PIK3R1;POLD1;KCNJ6;ZMPSTE24;PLIN1;LIPE;CIDEC;AKT2;MKRN3;DLK1;PRKAR1A;PDE4D;STAT1;LRBA;FOXP3;VHL;CDKN1B;SDHB;SDHC;SDHD;MEN1;CDKN1A;CDKN2B;CDKN2C;RET;ESR2;NTRK1;GPR101;PRLR;AVP;BTNL2;HLA-DRB1;SLC11A1;HBA2;HBA1;TBXT;JMJD1C;CDH23;AIP;USP8;SLC29A3;WFS1;CISD2;CASR;PRSS1;CFTR;SPINK1;PRSS2;CTRC;CPA1;ALMS1;EIF2AK3;GATA6;MT-TE;IER3IP1;MT-TL1;MT-TK;PPP1R15B;TRMT10A;CEL;KLF11;NEUROD1;PDX1;INS;PAX4;BLK;APPL1;DNAJC3;SLC19A2;HNF1B;PTF1A;STAT3;HYMAI;PLAGL1;ZFP57;CDKN1C;KEAP1;DICER1;ARMC5;SERPINA6;PDE11A;PDE8B;PRKACA;KIF1B;MDH2;SDHA;FH;SDHAF2;TMEM127;MAX;HSD11B2;CYP11B2;CACNA1D;KCNJ5;H6PD;HSD11B1;PEX2;PEX1;PEX10;PEX12;PEX13;PEX14;PEX16;PEX19;PEX26;PEX3;PEX5;PEX6;PEX11B;TRAPPC11;AAAS;GMPPA;MC2R;MRAP;TXNRD2;NNT;SGPL1;CYP24A1;SLC34A1;FGF23;GALNT3;KL;GNA11;AP2S1;SLC34A3;DMP1;ENPP1;PHEX;CLCN5;OCRL;CYP27B1;CYP2R1;VDR;GCM2;CDC73;PTH;MT-ATP8;RRM2B;TBX1;ARVCF;GP1BB;UFD1;COMT;HIRA;RREB1;SEC24C;TBCE;GATA3;HADHA;FAM111A;STX16;SH2B1;CEP19;RPS6KA3;DEAF1;RAI1;FLII;IQSEC2;VPS13B;PHF6;MEG3;RTL1;HDAC8;LAS1L;CREBBP;EP300;TRAPPC9;PCNT;PRMT7;AFF4;MEGF8;RAB23;INPP5E;KIDINS220;EIF2S3;APOE;LPL;APOC2;GPIHBP1;LMF1;LIPC;APOC3;CETP;CYP7A1;TMEM199;CCDC115;ABCG5;ABCG8;APOB;LDLR;LDLRAP1;PCSK9;APOA1;ABCA1;LCAT;MTTP;SAR1B;CYP27A1;LIPA
Rare genetic neurological disorder	AGA;SUMF1;ASAH1;FASTKD2;NEU1;FXN;MT-TQ;MT-CO1;MT-CO2;MT-CO3;MT-ND1;MT-ND4;MT-ND5;MT-ND6;MT-TL1;MT-TW;MT-TH;MT-TS1;MT-TS2;MT-TF;MT-ATP8;RRM2B;MT-TP;MT-TK;MT-RNR1;ATP7B;TTPA;CBS;MT-ATP6;MTTP;ATP7A;TPI1;TMEM126B;TIMMDC1;NDUFB11;MT-ND2;MT-ND3;NDUFAF2;NDUFS1;NDUFS2;NDUFS3;NDUFS4;NDUFS6;NDUFS7;NDUFS8;NDUFV1;NDUFV2;NDUFA1;NDUFAF4;NDUFAF5;NDUFA11;NDUFAF3;NUBPL;FOXRED1;NDUFAF1;NDUFB9;NDUFB3;NDUFB10;PHYH;PEX7;ALDH5A1;MAT1A;AMPD1;AMPD3;QDPR;SLC6A19;CTSA;ALDH3A2;CYP27A1;GCH1;PTS;ALDH7A1;SLC13A5;PLPBP;OGDH;ABCD1;PSAP;ACY1;POLG;GAMT;PEPD;VPS13A;MTRR;TK2;POLG2;SLC25A4;TWNK;MT-TV;MAOA;ATAD1;GLRA1;GLRB;GPHN;SLC6A5;GALC;UROC1;MT-TL2;MT-TN;GCDH;ABAT;NPC1;NPC2;IDS;SLC25A19;MTR;PCBD1;FH;PRODH;AIFM1;DNM1L;RNASEH1;RMND1;ASPA;BCAP31;ELOVL4;SERAC1;MGME1;PYCR1;SLC6A9;AMT;GCSH;GLDC;PAH;ADK;AGPS;GNPAT;ACO2;MMADHC;ARSA;MAN2B1;SLC17A5;AP5Z1;SLC33A1;MARS2;ITPA;GYG1;CHCHD10;FARS2;PEX5;GLRX5;LIAS;SFXN4;ASNS;HSD17B10;RBCK1;IARS2;APOPT1;FAR1;GTPBP3;POMK;CLPB;MPC1;VARS2;TARS2;PRPS1;NADK2;DBH;TIMM50;HTRA2;MECR;DNAJC12;MFF;TRMT10C;MIPEP;CARS2;ABCA1;GLUL;SLC2A1;HADH;LRPPRC;SLC19A3;UPB1;XK;ACADSB;KYNU;ALDH4A1;PNPO;GBA;SMPD1;GATM;DDC;ALDH18A1;SLC6A8;HIBCH;SGSH;GLB1;NAGA;NAGLU;HGSNAT;GNS;IDUA;SUOX;CLN8;KCTD7;MFSD8;CLN6;CLN5;CTSD;PPT1;TPP1;CLN3;DNAJC5;GRN;ATP13A2;CTSF;FTL;DCAF17;PANK2;FA2H;WDR45;C19ORF12;COASY;TBCE;CP;PLA2G6;SPR;TH;PEX11B;PEX2;PEX1;PEX10;PEX12;PEX13;PEX14;PEX16;PEX19;PEX26;PEX3;PEX6;NDUFA13;SDHA;SURF1;COX15;PDHA1;NDUFAF6;TACO1;NDUFA2;NDUFA10;NDUFA9;MTFMT;LIPT1;PET100;NDUFA4;ECHS1;NDUFA12;COQ2;PDSS2;NDUFB8;SCO2;SLC25A1;L2HGDH;D2HGDH;IDH2;IBA57;ISCA2;NFU1;BOLA3;SUCLA2;SUCLG1;FBXL4;DPM3;FKTN;POMGNT1;P4HA1;CHST14;DSE;TMEM165;POMT1;FKRP;ISPD;ALG2;DPAGT1;GFPT1;ALG14;GMPPB;DDOST;COG6;COG2;GNE;B4GALT1;ALG12;SLC35A2;RFT1;COG4;ATP6V0A2;ALG11;PIGL;SLC35A1;DPM2;ALG13;STT3A;STT3B;SSR4;SLC35A3;ATP6V1E1;ATP6V1A;PIGN;PIGA;EXT2;LARGE1;POMT2;B3GALNT2;COL4A1;DAG1;POMGNT2;RXYLT1;B4GAT1;PIGG;COG7;MOGS;ALG9;ALG1;MPDU1;DPM1;ALG3;ALG6;PMM2;PIGM;PIGW;COG8;SLC35C1;ST3GAL5;B3GLCT;COG1;COG5;SRD5A3;XYLT1;CHSY1;MAN1B1;MGAT2;ALG8;GM2A;HEXA;HEXB;HPRT1;C12ORF65;PSAT1;SLC1A4;PSPH;PHGDH;APTX;COQ8A;PDSS1;COQ6;COQ9;COQ4;SOX10;SCP2;SAMHD1;RNASEH2A;RNASEH2B;RNASEH2C;ADAR;TREX1;IFIH1;DARS2;EIF2B1;EIF2B2;EIF2B3;EIF2B4;EIF2B5;TUBB4A;UFM1;TREM2;TYROBP;AIMP1;HSPD1;PLP1;GJC2;MLC1;HEPACAM;GFAP;DARS;CLCN2;AARS2;CSF1R;EARS2;VPS11;RARS;RPIA;ACER3;NKX6-2;FAM126A;RNASET2;LMNB1;SLC7A2-IT1;POLR3A;HIKESHI;POLR3B;POLR1C;PHOX2B;EDN3;GDNF;MYO1H;BDNF;RET;ASCL1;MECP2;FOXG1;NTNG1;CDKL5;STXBP1;GABBR2;FMR1;DEAF1;RAI1;FLII;IQSEC2;TSC1;TSC2;ADSL;PTEN;HERC2;AUTS2;DPYD;NACC1;PRNP;NOTCH3;PDGFRB;PDGFB;SLC20A2;XPR1;SCARB2;APP;CST3;HTT;SLC2A3;ABCA7;PSEN1;PSEN2;SORL1;TOMM40;DNMT1;C9ORF72;SNCA;LRRK2;EIF4G1;VPS35;DNAJC13;GIGYF2;PRKAR1B;ITM2B;JPH3;SPTBN2;ANO10;STUB1;SYNE1;WWOX;RUBCN;TDP2;PMPCA;VLDLR;WDR81;CA8;ATP8A2;TUBB2B;CWF19L1;RNU12;ZNF592;WDR73;ATCAY;CEP290;CC2D2A;TMEM216;TMEM237;TMEM138;ZNF423;TMEM231;CEP120;PIBF1;TCTN2;AHI1;TMEM67;MKS1;ARL13B;INPP5E;TCTN1;B9D1;CEP41;CPLANE1;CSPP1;KIAA0586;CEP104;KIAA0556;ARMC9;HYLS1;ARL3;RPGRIP1L;OFD1;KIF7;TCTN3;PDE6D;KIAA0753;NPHP1;ATM;MRE11;XPA;ERCC3;XPC;DDB2;ERCC4;ERCC5;ERCC2;RNF168;SETX;PIK3R5;TDP1;GRM1;GRID2;GBA2;SYT14;PNKP;SCYL1;SLC52A2;SIL1;INPP5K;CTDP1;FLVCR1;NOP56;TGM6;SCA32;ATXN3;ITPR1;ATP1A3;CAMTA1;DAB1;SCA37;CCDC88C;MME;FGF14;PRKCG;PLEKHG4;ATXN8;ATXN8OS;TBP;PPP2R2B;KCND3;IFRD1;TMEM240;KCNC3;ATXN1;ATXN2;SCA25;AFG3L2;SCA20;PDYN;ATN1;ATXN10;SCA30;BEAN1;TRPC3;CACNA1G;ELOVL5;TTBK2;CACNA1A;EEF2;ATXN7;VCP;TARDBP;FUS;SQSTM1;TBK1;MAPT;HNRNPA2B1;HNRNPA1;TMEM106B;CHMP2B;HTRA1;CD59;GAN;SCN9A;SCN10A;SCN11A;TRPA1;MPZ;GNB4;INF2;DNM2;YARS;KARS;GDAP1;PLEKHG5;COX6A1;PTRH2;DMXL2;PMP22;PRX;EGR2;FIG4;SBF1;MTMR2;SBF2;NDRG1;SH3TC2;FGD4;HK1;GJB3;ARHGEF10;FBLN5;NEFL;LITAF;HINT1;LRSAM1;SPG11;TRIM2;IGHMBP2;DNAJB2;VRK1;MFN2;SLC25A46;LMNA;MED25;OPA1;TFG;AARS;DHTKD1;KIF5A;DYNC1H1;MORC2;DCAF8;MARS;HARS;DGAT2;ATP1A1;HSPB1;KIF1B;HSPB8;RAB7A;TRPV4;GARS;FLRT1;KLC2;PDK3;GJB1;ELP1;NTRK1;WNK1;RETREG1;KIF1A;CCT5;TECPR2;DST;CLTCL1;NGF;KLHL7;CRLF1;CLCF1;ATL1;SPTLC1;SPTLC2;ATL3;SIGMAR1;HSPB3;FBXO38;REEP1;BSCL2;DCTN1;SLC5A7;MYH14;UBA1;LAS1L;LYST;ABHD12;TRAPPC11;AAAS;GMPPA;EMILIN1;GSN;TTR;MANBA;GLA;MTHFR;HADHA;HADHB;GBE1;FAH;OAT;ATAD3A;AMACR;BTD;MMACHC;PDHX;PDHB;DLD;TYMP;PDP1;DLAT;EIF2S3;PPOX;CPOX;HMBS;ALAD;CHAT;AGRN;SNAP25;SYT2;MYO9A;VAMP1;SLC18A3;COL13A1;RAPSN;SCN4A;CHRNA1;CHRNB1;CHRND;CHRNE;DOK7;MUSK;LRP4;AK9;COLQ;LAMB2;ZC4H2;CASQ1;CRYAB;KLHL9;TIA1;MATR3;TTN;CAV3;FLNC;MYH7;LDB3;MYOT;DES;DYSF;NEB;ANO5;ADSSL1;CACNA1S;KCNE3;KCNJ2;KCNJ5;DUX4;DUX4L1;FRG1;SMCHD1;HSPG2;COL6A1;COL6A2;COL6A3;COL12A1;FHL1;PABPN1;ACTA1;VMA21;PHOX2A;KIF21A;TUBB3;TMEM43;SYNE2;EMD;TNPO3;HNRNPDL;DNAJB6;SGCA;CAPN3;TRIM32;PLEC;LIMS2;TOR1AIP1;SGCG;SGCD;SGCB;POGLUT1;BVES;TCAP;DMD;LTBP4;DMPK;CNBP;LAMA2;CHKB;TRIP4;ITGA7;SELENON;KCNA1;FAM111B;MICU1;ATP2A1;BAG3;KY;TPM3;KLHL40;KLHL41;LMOD3;CFL2;TPM2;MYPN;KBTBD13;TNNT1;MYH2;SLC16A1;ISCU;SLC22A5;CPT2;MT-TE;SLC25A32;FLAD1;ETFA;ETFB;ETFDH;ACADVL;ACADS;LPIN1;PNPLA2;ABHD5;AGL;PYGM;PFKM;PHKA1;PHKG1;PGK1;LDHA;GAA;LAMP2;PHKB;PGAM2;ENO3;TAZ;PUS1;YARS2;SDHB;SDHD;SDHAF1;GFER;DGUOK;DNA2;MSTO1;STAC3;MAP3K20;MYL2;HACD1;MYMK;ORAI1;STIM1;CNTN1;RYR1;MYO18B;CCDC174;MEGF10;MTM1;SPEG;BIN1;MYF6;MTMR14;CCDC78;MAMLD1;GABRA3;KCNJ18;CLCN1;ALS2;ERLIN2;ASCC1;SMN2;NAIP;SMN1;VAPB;BICD2;AR;SLC52A3;SLC12A6;TSEN15;TSEN54;TSEN34;TSEN2;SEPSECS;RARS2;EXOSC3;EXOSC8;EXOSC9;TAF1A;NEBL;PPCS;ABCC9;ACTC1;SCN5A;TNNI3;TNNT2;TPM1;CSRP3;DSG2;DOLK;MYBPC3;MYH6;RAF1;TMPO;TNNC1;VCL;ACTN2;FHL2;PLN;RBM20;NEXN;TXNRD2;GATAD1;LAMA4;PRDM16;ANKRD1;SGCE;TOR1A;DRD2;DYT15;KCTD17;ARHGEF9;DNAL4;RAD51;DCC;NTN1;FBXO7;PINK1;UCHL1;PODXL;PRKN;PARK7;VPS13C;DNAJC6;RAB39B;PRKRA;PDE8B;SLC6A3;ATP6AP2;SLC30A10;SYNJ1;TAF1;UBTF;NUP62;SYT1;EPM2A;NHLRC1;CSTB;PRICKLE1;PRDM8;GOSR2;LMNB2;PRICKLE2;CERS1;KCNC1;SERPINI1;ICK;CACNB4;EFHC1;GABRA1;GABRD;KCNQ3;JRK;NOL3;SAMD12;CTNND2;CNTN2;ADRA2B;SLC6A17;NKX2-1;ADCY5;PDE10A;RFC2;BAZ1B;TBL2;CLIP2;ELN;GTF2I;GTF2IRD1;LIMK1;VAC14;ACTB;PRRT2;SCN8A;PNKD;ARX;SLC18A2;SLC39A14;GNAL;DYT17;CIZ1;ANO3;HPCA;DYT13;DYT21;THAP1;ERCC6;ERCC1;ZNHIT3;FOLR1;TMPRSS4;NALCN;UNC80;PRF1;PCNA;SLC30A9;TBCD;TANGO2;TXN2;SPG7;TIMM8A;ERCC8;SPG34;ERLIN1;ZFR;REEP2;DDHD1;SPG24;SPG37;SPG41;CPT1C;SPG19;RTN2;SPG38;SPG36;KIDINS220;SPG29;SPG32;PNPLA6;DDHD2;VPS37A;AP4M1;AP4E1;AP4B1;AP4S1;HACE1;MAG;ARL6IP1;WDR48;USP8;RAB3GAP2;AMPD2;ENTPD1;ARSI;PGAP1;KIF1C;SELENOI;GPT2;CAPN1;SPART;ZFYVE26;SPG25;B4GALNT1;DSTYK;SPG23;SPG21;L1CAM;WASHC5;NIPA1;SPAST;NT5C2;CYP2U1;CYP7B1;SPG14;SPG27;SLC16A2;SPG16;SCN1A;ATP1A2;CEP55;TMEM107;RPGRIP1;WDPCP;B9D2;ROBO3;FGFR1;VPS53;TUBA8;NSDHL;PROKR2;SOX2;HESX1;OTX2;SOX3;ARNT2;FLVCR2;JAM3;IER3IP1;CENPF;SON;TRAPPC12;PLAT;CASK;OPHN1;AP1S2;EPG5;DKC1;TERT;TINF2;RTEL1;ACD;PARN;LAMA1;GPSM2;RPL10;PPP2R1A;FRMD4A;TUBA1A;SLC39A8;KPNA7;SNX14;KIF14;NDE1;BRF1;EMC1;PTF1A;CCDC22;NPHP3;KATNB1;RELN;RAB3GAP1;RAB18;TBC1D20;ACTG1;DCX;HIC1;YWHAE;PAFAH1B1;LAMB1;SUFU;GLI3;DISC1;EOMES;C12ORF57;DDX3X;IGBP1;PIK3R2;CCND2;AKT3;EMG1;KIF11;STAMBP;RBBP8;MED17;QARS;PPP1R15B;TRMT10A;C2CD3;PYCR2;DIAPH1;ATR;CENPJ;PCNT;CEP152;ATRIP;TRAIP;PLK4;CENPE;ORC4;ORC6;CDT1;CDC6;ORC1;GMNN;CDC45;RNU4ATAC;ZNF335;NIN;LARP7;RTTN;MPDZ;PLXND1;REV3L;COL25A1;CHN1;MAFB;HOXB1;CHMP1A;TOE1;CLP1;PCLO;ZIC4;ZIC1;CIT;NCAPD3;COPB2;TAF13;CDK5RAP2;ASPM;MCPH1;STIL;WDR62;CEP63;CEP135;KNL1;PHC1;CDK6;SASS6;MFSD2A;ANKLE2;DPP6;TBC1D7;LAMC3;ARFGEF2;FLNA;ERMARD;NEDD4L;TMTC3;MAP1B;EML1;GRIN1;SRPX2;ADGRG1;PI4KA;PTCH1;SIX3;TGIF1;ZIC2;GLI2;TDGF1;FOXH1;FGF8;DISP1;CDON;NODAL;DLL1;GAS1;SHH;EMX2;COL4A2;VANGL1;FUZ;DKK1;TBXT;VANGL2;DACT1;MTHFD1;VHL;NDP;ABCC6;ENPP1;IGFBP7;CTNNB1;FZD4;LRP5;TSPAN12;ZNF408;ACTA2;CTC1;STN1;HBB;RRAS;PTPN11;BRAF;SOS1;KRAS;NRAS;KAT6B;RIT1;LZTR1;A2ML1;RASA2;SOS2;HRAS;CBL;NF1;BRCC3;GUCY1A1;TMEM173;ACVRL1;SMAD4;ENG;GDF2;CCM2;KRIT1;PDCD10;ANGPTL6;COL3A1;TGFBR3;ADAMTSL1;GLMN;KCNJ10;RNF216;DNAJC3;SLC1A3;ABCB7;ATP2B3;SLC9A6;SACS;MTPAP;SAMD9L;GNAQ;CLTC;CHAMP1;HIVEP2;KDM5B;SET;RAB11A;PPP3CA;KCNQ5;ZMYND11;CIC;CSNK2B;TCF4;SYNGAP1;KIRREL3;DOCK8;MBD5;GRIN2B;CDH15;CACNG2;EPB41L1;EEF1A2;CAMK2A;CAMK2B;PHF6;ZEB2;CASR;CXORF56;RPS6KA3;FTSJ1;GDI1;MED12;UPF3B;AGTR2;ZNF41;DLG3;IL1RAPL1;PAK3;TSPAN7;ARHGEF6;ZNF81;SYP;ZNF711;HCFC1;MID2;PTCHD1;USP9X;ACSL4;CNKSR2;FRMPD4;USP27X;CLCN4;CNTNAP2;NRXN1;TBC1D24;CPLX1;GNA11;DOCK7;TNK2;BRAT1;KCNQ2;OTUD6B;STRADA;GNB1;DCPS;CRBN;MED13L;TUSC3;TECR;GRIK2;WASHC4;TRAPPC9;PRSS12;MED23;ST3GAL3;CRADD;ZC3H14;NSUN2;LINS1;METTL23;CLIP1;FBXO31;NDST1;FMN2;EDC3;HNMT;EZR;LMAN2L;TNIK;PIGC;SLC45A1;FRRS1L;MBOAT7;C12ORF4;SARS;CC2D1A;WARS2;KDM5C;SYN1;SCN2A;GNAO1;PIGQ;SIK1;SLC25A22;PIGP;PLCB1;KCNT1;SLC12A5;SCN1B;GABRG2;PCDH19;CPA6;GRIN2A;GABRB3;CACNA1H;KCNMA1;STX1B;ADGRV1;DEPDC5;NPRL2;NPRL3;CHRNA4;CHRNA2;CHRNB2;CRH;LGI1;NTRK2;SPTAN1;GUF1;CNPY3;PIK3CA;ABCC8;KCNJ11;CCDC88A;SLC25A12;YWHAG;UBA5;GRIN2D;TRAK1;SLC1A2;AP3B2;SCN3A;GABRB2;NUS1;CYFIP2;FGF12;SZT2;DHDDS;NECAP1;HCN1;KCNB1;DNM1;KCNA2;ARV1;CUX2;MAPK10;CHD2;SLC6A1;SLC1A1;ADORA2A;IKBKG;AKT1;MYO5A;RLIM;ACTL6A;CWC27;KCNK9;NSD2;NELFA;LETM1;SMC1A;NIPBL;SMC3;HDAC8;RAD21;KMT2A;SETD5;ARID2;SMARCB1;SMARCA4;ARID1B;ARID1A;SMARCE1;SOX11;DPF2;VPS13B;PAX6;LIG4;EED;NSD1;EZH2;SUZ12;AP1S1;YAP1;CD96;PRRX1;CDH11;TGDS;MAP2K1;MAP2K2;SF3B4;CCBE1;FAT4;ADAMTS3;ANTXR1;OSGEP;TP53RK;NUP107;TPRKB;LAGE3;WDR4;RBM28;SRCAP;ANKRD11;KMT2D;KDM6A;RAP1A;RAP1B;PIGV;PIGO;PGAP2;PGAP3;PIGY;SKI;FBN1;PIEZO2;ATIC;UBR1;UBE3B;NEK1;MEG3;DLK1;RTL1;PTDSS1;KMT2C;EHMT1;ZBTB20;ITGB6;AHSG;DYRK1A;DDX59;ATP6V1B2;KCNH1;CKAP2L;SMARCA2;ITCH;PACS1;PIGT;GATAD2B;CTCF;ADAT3;THOC6;ANK3;ASXL3;HNRNPK;CREBBP;EP300;COLEC10;MASP1;COLEC11;WAC;SOX5;PRMT7;NFIX;DPH1;MTOR;PPP2R5D;RSPRY1;HERC1;SPATA5;KAT6A;POGZ;NR2F1;EBP;FBLN1;NGLY1;DNMT3A;ADNP;UBE3A;SNRPN;ATP10A;FOXP1;TTI2;TAF2;KPTN;SETBP1;RDH11;PDE4D;PGM3;AFF4;AHDC1;VPS33A;EXTL3;MYSM1;PUF60;YY1;LMX1B;RERE;RAC1;SIN3A;USP7;FIBP;STAG1;KDM1A;TRIO;TELO2;TKT;PUS3;TBCK;CDC42;TBL1XR1;SNAP29;KIF1BP;SLC26A2;FLNB;EFTUD2;B4GALT7;B3GALT6;AHCY;PLAA;MGP;WDR26;ASXL1;LEMD3;HMGA2;OCA2;HBA2;HBA1;DHCR7;HDAC6;UBE2A;BCOR;NAA10;FGD1;TERC;NOP10;NHP2;USB1;WRAP53;NHS;GPC3;GPC4;ZDHHC9;EFNB1;PORCN;MAP3K7;HCCS;COX7B;SMS;FANCB;CLIC2;GRIA3;MID1;SPECC1L;THOC2;NONO;STAG2;NEXMIF;MBTPS2;PHF8;SHROOM4;CUL4B;HUWE1;AMMECR1;KCNE5;PQBP1;OPA2;AFF2;FMR3;ATRX;OCRL;OTC;GK;KCNJ6;SLC6A2
RASopathy	RRAS;PTPN11;BRAF;SOS1;KRAS;RAF1;NRAS;KAT6B;RIT1;LZTR1;A2ML1;RASA2;SOS2;HRAS;MAP2K2;NF1;MAP2K1;PPP1CB;SHOC2;CBL
Serpinopathy	SERPINA1;SERPINE1;SERPINI1;SERPINA6;SERPINB7;SERPINF2;SERPINC1;SERPINB8;CSTA;SERPING1
Rare genetic gastroenterological disease	CFTR;TGFB1;DCTN4;CLCA4;STX1A;COX4I2;CASR;PRSS1;SPINK1;PRSS2;CTRC;CPA1;BRCA1;BRCA2;CDKN2A;SMAD4;TP53;KRAS;PALB2;PALLD;SBDS;EFL1;SRP54;DNAJC21;PTRH2;EGFR;ADAM17;PLA2G4A;SLCO2A1;SGO1;IL21;SOX10;RET;ECE1;EDN3;EDNRB;GDNF;NRTN;SEMA3C;SEMA3D;ACTG2;LMOD1;MYH11;MYLK;BBS1;BBS10;BBS2;BBS4;BBS5;BBS7;BBS9;CEP290;TRIM32;TTC8;ARL6;MKKS;MKS1;NPHP1;BBS12;SDCCAG8;WDPCP;LZTFL1;IFT172;BBIP1;IFT27;C8ORF37;PHOX2B;GUCY2C;ACTA2;KIF1BP;FLNA;ASCL1;MYO5B;STX3;EPCAM;NEUROG3;TMPRSS15;SI;LCT;TREH;AMN;CUBN;SLC46A1;ALDOB;SLC5A1;SLC26A3;SPINT2;SLC9A3;POLG;TYMP;RRM2B;ALG8;ALG6;MPI;TK2;AFG3L2;TWNK;MPV17;DGUOK;SUCLA2;SUCLG1;FBXL4;IL10;IL10RA;IL10RB;MTTP;SAR1B;SLC39A4;PLVAP;DGAT1;TTC37;SKIV2L;IL2RA;AIRE;STAT5B;ITCH;STAT1;CTLA4;STAT3;LRBA;FOXP3;STK11;PTEN;RNF43;BMPR1A;GREM1;MUTYH;APC;ENG;NTHL1;AXIN2;POLE;POLD1;MSH3;CLMP;RHBDF2;GUCY1A1;CDH1;MAP3K6;CTNNA1
Rare inborn errors of metabolism	DPM3;SLC35A1;DPM2;SRD5A3;SLC35A2;B4GALT7;CAD;TMEM199;CCDC115;PGM3;GNE;DOLK;B4GALT1;MPDU1;DPM1;SEC23B;SLC35C1;ATP6V0A2;ATP6V1E1;ATP6V1A;COG4;COG1;COG5;COG6;COG2;COG7;COG8;PIGA;PIGV;PIGL;PIGO;PGAP2;PGAP3;PIGW;PIGY;PIGT;PIGN;PGAP1;PIGG;PIGM;ST3GAL5;RFT1;ALG11;ALG13;PGM1;TMEM165;STT3A;STT3B;SSR4;SLC35A3;ALG2;DPAGT1;GFPT1;ALG14;GMPPB;DDOST;SLC39A8;MAN1B1;MOGS;MGAT2;ALG9;ALG1;ALG8;ALG12;ALG3;ALG6;MPI;PMM2;B3GLCT;DLL3;MESP2;LFNG;HES7;RIPPLY2;PSENEN;KRT5;POFUT1;POGLUT1;FKTN;POMGNT1;POMT2;POMT1;FKRP;POMK;LARGE1;ISPD;B3GALNT2;COL4A1;DAG1;POMGNT2;RXYLT1;B4GAT1;CHST3;EXT1;EXT2;P4HA1;CHST14;DSE;XYLT1;CHSY1;B3GAT3;B3GALT6;FGF23;GALNT3;KL;SLC35D1;INPPL1;TPI1;GPI;GCK;ALDOB;FBP1;KHK;GALE;GALK1;GALT;PCK1;PCK2;PC;CA5A;GK;AGL;PYGM;PFKM;PYGL;PGK1;ALDOA;GYG1;GBE1;SLC2A2;LDHA;LDHB;GAA;RBCK1;PRKAG2;LAMP2;SLC37A4;G6PC;PGAM2;ENO3;GYS1;GYS2;PHKA1;PHKG1;PHKA2;PHKG2;PHKB;GLYCTK;AGXT;HOGA1;GRHPR;SLC16A1;SLC16A12;SI;LCT;TREH;SLC2A1;SLC5A2;SLC5A1;DCXR;SHPK;RPIA;TKT;TALDO1;TCN2;MTRR;CD320;GIF;MTR;ABCD4;HCFC1;MMADHC;AMN;CUBN;MMACHC;LMBRD1;MMAA;MMAB;TTPA;BCO1;PANK2;RBP4;MOCS1;MOCS2;GPHN;SLC52A1;PNPO;BTD;GGCX;VKORC1;SLC19A3;SLC25A19;TPK1;SLC19A2;MTHFR;FOLR1;DHFR;FTCD;SLC46A1;ATP7B;ATP7A;AP1S1;SCO2;SLC39A4;PSTPIP1;SLC30A9;TF;FTL;FTH1;CP;SLC11A2;SLC40A1;TFR2;HFE;BMP6;HAMP;HJV;FXYD2;HNF1B;CLDN19;CLDN16;KCNA1;TRPM6;EGF;CNNM2;SLC30A10;SLC39A14;ALAS2;UTP4;ABCC2;SLCO1B1;SLCO1B3;VPS33B;VIPAS39;NR1H4;MYO5B;TJP2;UGT1A1;ATP8B1;ABCB11;ABCB4;FECH;UROS;GATA1;UROD;PPOX;CPOX;HMBS;ALAD;ABCD1;BCAP31;PEX11B;PEX2;PEX1;PEX10;PEX12;PEX13;PEX14;PEX16;PEX19;PEX26;PEX3;PEX5;PEX6;PHYH;PEX7;CAT;AMACR;SUGCT;SCP2;ACOX1;HSD17B4;EHHADH;AGPS;GNPAT;FAR1;CTSK;AP5Z1;CLN8;KCTD7;MFSD8;CLN6;CLN5;CTSD;PPT1;TPP1;CLN3;DNAJC5;GRN;ATP13A2;CTSF;SUMF1;ASAH1;GLA;PSAP;GBA;GALC;GBA2;ARSA;SMPD1;SCARB2;NPC1;NPC2;LIPA;GLB1;GM2A;HEXA;HEXB;GUSB;ARSB;IDS;GALNS;HYAL1;SGSH;NAGLU;HGSNAT;GNS;IDUA;SLC17A5;CTNS;AGA;MANBA;FUCA1;CTSA;MAN2B1;NAGA;NEU1;GNPTAB;MCOLN1;GNPTG;FMO3;ABAT;SARDH;DMGDH;SLC6A9;AMT;GCSH;GLDC;PSAT1;SLC1A4;PSPH;PHGDH;BCKDHA;BCKDHB;DBT;PPM1K;ALDH6A1;BCKDK;GSS;OPLAH;GCLC;GGT1;PEPD;OAT;PRODH;PYCR1;ALDH4A1;ALDH18A1;HGD;HPD;FAH;TAT;TH;PAH;CBS;MAT1A;CTH;GNMT;ADK;AHCY;SUOX;UROC1;HAL;OCRL;SLC1A1;SLC7A7;GRM1;GRID2;SLC7A9;SLC3A1;SLC6A19;SLC6A20;SLC36A2;SLC6A18;PREPL;CAMKMT;PPM1B;OTC;ARG1;CPS1;ASL;SLC25A15;NAGS;GLUD1;ASS1;SLC25A13;TDO2;KYNU;AASS;DHTKD1;GLUL;GCDH;HSD17B10;ACY1;ASPA;SLC25A1;L2HGDH;D2HGDH;IDH2;IVD;ACAT1;MCCC1;MCCC2;HMGCL;PCCA;PCCB;ACSF3;ACADSB;ACAD8;HIBCH;HLCS;TAZ;SERAC1;CLPB;TIMM50;HTRA2;AUH;C19ORF70;OPA3;DNAJC19;MUT;MCEE;SLC24A5;TYR;LRMDA;SLC45A2;TYRP1;OCA2;MC1R;GPR143;MITF;ASNS;SERPINA1;BPGM;NGLY1;ARSE;MT-CO1;MT-CO3;LPIN1;RPL18;RPS27;RPL27;TSR2;RPL35;RPS19;RPS24;RPS17;RPS7;RPL5;RPL11;RPL35A;RPS10;RPS26;RPL26;RPL15;RPS29;RPS28;AMPD1;AMPD3;PNP;ADSL;APRT;PRPS1;ATIC;DGUOK;UMOD;ITPA;ADA;MOCOS;XDH;HPRT1;UMPS;DPYD;TK2;POLG;TYMP;RRM2B;UPB1;DPYS;NT5C3A;ALDH7A1;SLC13A5;PLPBP;ALDH5A1;MAOA;SLC18A2;DBH;DDC;QDPR;GCH1;PTS;PCBD1;DNAJC12;SPR;ATAD1;GLRA1;GLRB;SLC6A5;BCHE;GAMT;GATM;SLC6A8;OXCT1;MLYCD;ACADL;CPT1A;SLC22A5;SLC25A20;CPT2;HADHA;HADHB;HMGCS2;HADH;ACADM;SLC25A32;FLAD1;ETFA;ETFB;ETFDH;ACADVL;ACADS;PDHX;PDHB;DLD;PDP1;DLAT;PDHA1;SLC25A4;AGK;SLC25A22;SIK1;GLRX5;SLC25A12;SLC25A26;SLC25A3;TIMM8A;MT-CYB;ABCB7;ATAD3A;MSTO1;ETHE1;LIAS;LIPT1;MECR;IBA57;ISCA2;NFU1;BOLA3;TMEM126B;TIMMDC1;NDUFB11;MT-ND1;MT-ND2;MT-ND3;NDUFAF2;NDUFS1;NDUFS2;NDUFS3;NDUFS4;NDUFS6;NDUFS7;NDUFS8;NDUFV1;NDUFV2;NDUFA1;NDUFAF4;NDUFAF5;NDUFA11;NDUFAF3;NUBPL;FOXRED1;NDUFAF1;NDUFB9;NDUFB3;NDUFB10;MT-ATP6;MT-ATP8;ATPAF2;ATP5F1E;ATP5F1A;ATPAF1;ATP5F1D;COX10;MT-CO2;COX6B1;COX14;COX20;COA3;COX8A;PET117;COX5A;SDHA;SDHB;SDHD;SDHAF1;BCS1L;UQCRQ;UQCRB;TTC19;UQCRC2;CYC1;LYRM7;UQCC2;UQCC3;MT-TL1;MT-TS1;MT-TL2;MT-TN;RNASEH1;MT-TQ;MT-ND4;MT-ND5;MT-ND6;MT-TW;MT-TH;MT-TS2;MT-TF;MT-TP;MT-TK;MT-RNR1;MT-ND4L;TRMU;MT-TV;MT-TE;TFB1M;MT-TT;COX4I2;SCO1;COX15;COA5;COA6;DNM1L;GFER;SURF1;COX6A1;MFF;MIPEP;NDUFA13;NDUFAF6;TACO1;NDUFA2;NDUFA10;NDUFA9;MTFMT;PET100;NDUFA4;ECHS1;NDUFA12;COQ2;PDSS2;NDUFB8;LRPPRC;FASTKD2;TMEM126A;CHCHD10;SFXN4;APOPT1;OPA1;TMEM70;LYRM4;NFS1;ISCU;ACAD9;MGME1;POLG2;TWNK;DNA2;AFG3L2;MPV17;SUCLA2;SUCLG1;FBXL4;APTX;COQ8A;PDSS1;COQ6;COQ9;COQ4;RARS2;TSFM;PUS1;YARS2;GFM1;DARS2;MRPS22;TUFM;MRPS16;MTPAP;ERAL1;HARS2;CLPP;LARS2;AIFM1;RMND1;FARS2;MRPL3;PNPT1;AARS2;MTO1;ELAC2;SARS2;MRPL44;MARS2;EARS2;MRPS7;IARS2;GTPBP3;NARS2;VARS2;TARS2;TXN2;TRMT10C;TRMT5;CARS2;SPG7;C12ORF65;OGDH;FH;ACO2;PKLR;MPC1;LBR;NSDHL;DHCR7;EBP;MSMO1;DHCR24;SC5D;MVK;CYP7A1;CYP27A1;SLC27A5;EPHX1;BAAT;HSD3B7;CYP7B1;AKR1D1;SGPL1;ALDH3A2;PNPLA6;FA2H;ELOVL4;ELOVL5;CERS1;NADK2;SELENOI;PLA2G6;ABHD12;ATL1;SPTLC1;SPTLC2;ATL3;CHKB;PNPLA2;ABHD5;APOE;LPL;APOC2;GPIHBP1;LMF1;LIPC;APOC3;CETP;ABCG5;ABCG8;APOB;LDLR;LDLRAP1;PCSK9;APOA1;ABCA1;LCAT;MTTP;SAR1B;LYST;AP3B1;CTSC;DTNBP1;BLOC1S3;HPS3;HPS5;HPS6;HPS1;HPS4;BLOC1S6
Genetic infertility	PRLR;CYP19A1;FSHB;GNAS;ARMC5;STAR;CYP21A2;CYP17A1;AR;HSD17B3;SRD5A2;LHB;LHCGR;DMPK;RRAS;PTPN11;BRAF;SOS1;KRAS;RAF1;NRAS;KAT6B;RIT1;LZTR1;A2ML1;RASA2;SOS2;CNBP;ABCD1;LMNA;DCAF17;BRCC3;SEMA3E;CHD7;HBB;PNPLA6;SNRPN;SNORD115@;MAGEL2;NDN;SNORD116@;SIM1;RNF216;RAB3GAP1;RAB3GAP2;RBM28;SMCHD1;BBS1;BBS10;BBS2;BBS4;BBS5;BBS7;BBS9;CEP290;TRIM32;TTC8;ARL6;MKKS;MKS1;NPHP1;BBS12;SDCCAG8;WDPCP;LZTFL1;IFT172;BBIP1;IFT27;C8ORF37;DMXL2;POLR3B;POLR1C;POLR3A;OCA2;LEPR;LEP;PCSK1;SOX3;PROP1;NR0B1;POU1F1;HESX1;OTX2;LHX4;GLI2;CCDC141;PROK2;PROKR2;SOX10;FGFR1;ANOS1;KISS1R;NSMF;FGF8;WDR11;HS6ST1;SEMA3A;IL17RD;FGF17;DUSP6;SPRY4;FLRT3;FEZF1;DCC;TACR3;GNRHR;GNRH1;TAC3;KISS1;ADGRG2;CFTR;TGFB1;DCTN4;CLCA4;STX1A;DZIP1L;PKHD1;GANAB;PKD1;PKD2;BICC1;AMH;AMHR2;SRY;WT1;DMRT3;SOX9;WWOX;ZFPM2;GATA4;NR5A1;MAP3K1;VAMP7;MPLKIP;ERCC2;GTF2H5;ERCC3;RNF113A;GTF2E2;USP9Y;DAZ1;DAZ2;DAZ3;DAZ4;DDX3Y;RBMY1A1;TSPY1;GOPC;SPATA16;DPY19L2;PICK1;AURKC;NANOS1;TDRD9;FANCM;TEX15;TAF4B;ZMYND15;TEX11;SYCP3;SOHLH1;XRCC2;SYCE1;MEIOB;KLHL10;DNAH1;PIH1D3;DNAJB13;TTC25;MCIDAS;OFD1;DNAH11;DNAH5;DNAI1;NME8;DNAI2;DNAAF2;RSPH9;RSPH4A;DNAAF1;CCDC39;CCDC40;DNAL1;DNAAF3;CCDC103;DNAAF5;HYDIN;LRRC6;CCDC114;DRC1;ARMC4;DNAAF4;RSPH1;ZMYND10;CFAP298;CCDC65;SPAG1;CCNO;CCDC151;RSPH3;GAS8;RPGR;STK36;CFAP300;WDR66;CFAP43;CFAP44;AK7;CFAP69;SPAG17;CATSPER1;SLC26A8;SEPT12;CATSPER2;STRC;ZP2;ZP3;ZP1;WEE2;PATL2;TUBB8;MRPS22;FSHR;BMP15;PSMC3IP;NUP107;SPIDR;ERAL1;HSD17B4;TWNK;HARS2;CLPP;LARS2;ESR1;INSR;FOXL2;GALT
Rare genetic skin disease	WRN;ERCC2;ERCC6;ERCC5;ERCC1;COL3A1;ZMPSTE24;LMNA;BANF1;SLC25A24;ERCC4;ERCC3;POLD1;PDGFRB;PYCR1;PCNA;ALDH18A1;ERCC8;IL36RN;AP1S3;MAPRE2;TUBB;FBN1;PSTPIP1;HGD;SLC39A4;PEPD;IDS;BTD;HLCS;ALAS2;FECH;UROS;GATA1;HFE;UROD;PPOX;CPOX;HMBS;ALAD;ATP6V0A2;P4HA1;CHST14;DSE;PIGL;SRD5A3;ATP6V1E1;ATP6V1A;FGF23;GALNT3;KL;PSENEN;KRT5;POFUT1;POGLUT1;DOLK;COG7;MPDU1;PMM2;B3GALT6;ST3GAL5;VEGFC;FLT4;GJC2;RRAS;PTPN11;BRAF;SOS1;KRAS;RAF1;NRAS;KAT6B;RIT1;LZTR1;A2ML1;RASA2;SOS2;CCBE1;FAT4;ADAMTS3;KIF11;GATA2;SOX18;IKBKG;FOXC2;RELN;MPI;GLA;FGD1;TSC1;TSC2;WT1;SOX9;SRY;DHH;NR0B1;NR5A1;DMRT1;CBX2;MAP3K1;KIF1A;ZNHIT3;CDC42;CCDC88A;ADGRE2;KITLG;SASH1;STK11;GNAS;SLC29A3;DKC1;TERT;TERC;TINF2;NOP10;NHP2;USB1;WRAP53;CTC1;RTEL1;PARN;RAD51;MAD2L2;BRCA1;XRCC2;RFWD3;BRCA2;BRIP1;FANCA;FANCB;FANCC;FANCD2;FANCE;FANCF;FANCG;FANCL;FANCM;FANCI;PALB2;RAD51C;SLX4;UBE2T;ADAM10;MAP2K2;NF1;SPRED1;PRKAR1A;MYH8;GRHL2;RMI2;TOP3A;ADAR;ABCB6;PUS3;KRT14;MYO5A;FLNA;GNAQ;GNA11;POLA1;NF2;SMARCB1;COQ6;SOX10;SNAI2;MITF;EDNRB;PAX3;EDN3;EPG5;KIT;SLC24A5;TYR;LRMDA;SLC45A2;TYRP1;OCA2;MC1R;LYST;AP3B1;DTNBP1;BLOC1S3;HPS3;HPS5;HPS6;HPS1;HPS4;BLOC1S6;MLPH;RAB27A;ELP1;FGFR2;ANTXR2;SLCO2A1;HPGD;OSMR;IL31RA;ITPR2;ECM1;NOD2;ATM;IDH2;IDH1;ACVRL1;SMAD4;ENG;GDF2;TEK;ATR;SAMHD1;TREX1;TMEM173;PIK3CA;AGGF1;RASA1;NOTCH1;ARHGAP31;DOCK6;RBPJ;EOGT;DLL4;PORCN;KCTD1;HCCS;COX7B;NDUFB11;BMS1;HRAS;LEMD3;ABCC6;ENPP1;GGCX;GORAB;SLC2A10;RIN2;LTBP4;EFEMP2;ATP7A;FBLN5;ELN;SLC39A13;COL1A1;COL1A2;TNXB;PLOD1;COL5A1;ADAMTS2;FKBP14;C1S;C1R;B4GALT7;ZNF469;PRDM5;EDA;EDA2R;DYNC2LI1;GLI1;EVC;EVC2;LIG4;NSUN2;GJB2;GJB6;COL11A1;SLC13A5;ROGDI;TP63;GJA1;RIPK4;TWIST2;MAP2K1;CDH3;IFT122;WDR35;IFT43;WDR19;IFT52;ANTXR1;ABCA5;PKP1;CTNND1;CDH1;NECTIN4;MSX1;UBR1;WNT10A;OFD1;CTSC;SETBP1;PNPLA6;DLX3;PEX1;PEX6;RMRP;DSP;EDAR;EDARADD;TRAF6;KDF1;CYP26C1;KRT85;KRT74;HOXC13;MPLKIP;GTF2H5;RNF113A;GTF2E2;SOX3;NFKBIA;NECTIN1;TRPS1;EXT1;ATP6V1B2;TBC1D24;FGF10;FGFR3;KRT17;LMX1B;KRT16;KRT6A;KRT6B;KCNH1;STXBP1;MAP3K20;PLCD1;FZD6;RSPO4;FGF5;BCS1L;KANK2;JUP;PADI3;TGM3;LPAR6;LIPH;KRT71;KRT25;KRT86;KRT83;KRT81;DSG4;INSR;ABCC9;SHH;HR;RBM28;MBTPS2;PPP1CB;SHOC2;ITGB6;AHSG;DSC3;ALX4;EDNRA;EPS8L3;APCDD1;RPL21;SNRPE;CDSN;ST14;ZNF750;ATP2C1;MSMO1;AQP5;KRT1;KRT9;DSG1;SERPINB7;SLURP1;MT-TS1;NLRP1;SMARCAD1;KDSR;LOR;POMP;TRPV3;COG6;SNAP29;RSPO1;RHBDF2;TAT;KRT6C;CAST;COL14A1;AAGAB;ATP2A2;VPS13A;EGFR;ADAM17;CTSB;SAT1;LRP1;FERMT1;LAMA3;COL17A1;ITGB4;ITGA3;ITGA6;LAMB3;LAMC2;PLEC;DST;EXPH5;KLHL24;COL7A1;MMP1;MVK;PMVK;SLC17A9;MVD;FDPS;AP1S1;CARD14;ELOVL4;GJB4;GJB3;STS;FLG2;CHST8;CSTA;TGM5;SULT2B1;SDR9C7;ABCA12;ALOX12B;ALOXE3;TGM1;CYP4F22;NIPAL4;LIPN;SERPINB8;PNPLA1;CERS3;KRT10;KRT2;NSDHL;EBP;SPINK5;CLDN1;PHYH;PEX7;ALDH3A2;PHGDH;PSAT1;SUMF1;VPS33B;VIPAS39;GBA;ADAMTS17;NGLY1;SLC27A4;ABHD5;RECQL4;FAM111B;ASAH1;ACVR1;CYP27A1;MFN2;FGFR1;CAVIN1;PPARG;BSCL2;AGPAT2;CAV1;FOS;PSMB8;PIK3R1;KCNJ6;PLIN1;LIPE;CIDEC;AKT2;LMNB2;WAS;WIPF1;CYBB;NCF1;NCF2;CYBA;NCF4;CLEC7A;IL17RA;IL17F;TRAF3IP2;IL17RC;STAT3;RAG1;RAG2;TMC6;TMC8;BLM;SLC6A19;UVSSA;XPA;XPC;DDB2;POLH
Rare chromosomal anomaly	SRY;USP9Y;DAZ1;DAZ2;DAZ3;DAZ4;DDX3Y;RBMY1A1;TSPY1;COL4A6;COL4A5;MAMLD1;MTM1;AMMECR1;ACSL4;KCNE5;MECP2;FMR1;GPR101;STAG2;IQSEC2;SALL4;BMP2;JAG1;TBX4;HNF1B;LHX1;KANSL1;NF1;PMP22;DEAF1;RAI1;FLII;YWHAE;HIC1;PAFAH1B1;ANKRD11;SH2B1;CREBBP;USP7;TSC2;PKD1;HBA2;HBA1;FLI1;FGF3;FADD;BDNF;WT1;PAX6;H19;ALX4;EXT2;PHF21A;PTEN;BMPR1A;GATA3;WAC;HNRNPK;LMX1B;STXBP1;PTCH1;EHMT1;TRPS1;EXT1;PUF60;ANK1;GATA4;RFC2;BAZ1B;TBL2;CLIP2;ELN;GTF2I;GTF2IRD1;LIMK1;FOXP2;SIM1;ARID1B;ERMARD;SEMA5A;CTNND2;NSD1;SETD2;APC2;NKX2-5;APC;MEF2C;PURA;NSD2;NELFA;LETM1;FOXL2;PREPL;CAMKMT;SLC3A1;PPM1B;HDAC4;TBR1;SATB2;ZEB2;MBD5;RERE;GABRD;SKI;KCNAB2;PRDM16;DPYD;NFIA;HNRNPU;ZBTB18;MEG3;DLK1;RTL1;FOXG1;CHRNA7;MCTP2;MEIS2;CATSPER2;STRC;SIN3A;UBE3A;OCA2;RB1;DYRK1A;TBX1;ARVCF;GP1BB;UFD1;COMT;HIRA;JMJD1C;RREB1;SEC24C;BCR;MAPK1;CRKL;SHANK3;LEMD3;HMGA2;ERC1;SOX5;HYMAI;PLAGL1;SNRPN;MAGEL2;NDN;IGF2;NFIX;NIPBL;LMNB1
Rare genetic tumor	CEBPA;TGM6;GATA2;GJB2;PTCH1;SUFU;PTCH2;MC1R;NRAS;HRAS;KRAS;MLH1;MSH2;MSH6;KRT4;KRT13;PTEN;PIK3CA;FGFR1;NOTCH3;PDGFRB;CDK4;CDKN2A;MITF;TERT;BAP1;CDKN2B;CDKN2D;MGMT;POT1;ACD;TERF2IP;FGF23;GALNT3;KL;SAMD9;CYLD;FH;FLCN;COL1A1;PDGFB;TGFBR1;NEK9;ACTB;APC;NF1;RB1;MYCN;PITX2;BRCA2;GPC3;TRIM28;REST;TRIP13;POU6F2;WT1;H19;DIS3L2;BCOR;YWHAE;NUTM2B;NUTM2E;IRX2;IDH2;IDH1;PTH1R;EXT1;EXT2;TBXT;MTAP;BRCA1;PALB2;XRCC2;KLLN;RAD54L;PPM1D;SLC22A18;RAD51;BRIP1;CHEK2;TP53;MRE11;NBN;BARD1;RAD51C;RAD50;RAD51D;KIF1B;MDH2;RET;SDHA;SDHB;SDHC;SDHD;SDHAF2;TMEM127;MAX;VHL;MINPP1;FOXE1;HABP2;PRKAR1A;CDKN1B;MEN1;CDKN1A;CDKN2C;ESR2;NTRK1;MSMB;SRD5A2;RNASEL;ELAC2;EPHB2;HNF1B;HOXB13;MSR1;MYH8;STK11;SEC23B;AKT1;MUTYH;NTHL1;AXIN2;POLE;POLD1;CDH1;MAP3K6;CTNNA1;MSH3;KIT;PDGFRA;PMS1;PMS2;TGFBR2;MLH3;EPCAM;FAN1;BMPR1A;SEMA4A;RPS20;SMARCB1;SMARCA4
Inherited cancer-predisposing syndrome	ATM;WAS;WIPF1;RRAS;PTPN11;BRAF;SOS1;KRAS;RAF1;NRAS;KAT6B;RIT1;LZTR1;A2ML1;RASA2;SOS2;FGFR3;FGFR2;TWIST1;STK11;BDNF;WT1;PAX6;GNAS;NHEJ1;RPL18;RPS27;RPL27;TSR2;RPL35;RPS19;RPS24;GATA1;RPS17;RPS7;RPL5;RPL11;RPL35A;RPS10;RPS26;RPL26;RPL15;RPS29;RPS28;BLM;HRAS;RAD51;MAD2L2;BRCA1;XRCC2;RFWD3;BRCA2;BRIP1;ERCC4;FANCA;FANCB;FANCC;FANCD2;FANCE;FANCF;FANCG;FANCL;FANCM;FANCI;PALB2;RAD51C;SLX4;UBE2T;NSD1;SETD2;APC2;TSC1;TSC2;GPC3;GPC4;WRN;TRIP13;BUB1B;CEP57;BUB1;BUB3;ERCC2;ERCC6;ERCC5;ERCC1;IGF2;H19;KCNQ1OT1;MRE11;JAG1;NOTCH2;SETBP1;DDX11;NBN;XPA;ERCC3;XPC;DDB2;DIS3L2;FAH;RECQL4;CDKN1C;RAD50;CBL;CREBBP;EP300;SBDS;EFL1;SRP54;DNAJC21;AXIN2;PCNA;PIK3CA;WNT10A;POLH;ERCC8;XRCC4;LIG4;PTEN;SDHB;SDHD;SDHC;SEC23B;AKT1;KLLN;CASP8;CASP10;FAS;FASLG;PRKCD;RASGRP1;ITK;CD27;CTLA4;STAT3;SH2D1A;XIAP;VHL;DICER1;OGG1;DIRC2;FLCN;RNF139;FHIT;HSPBAP1;DIRC3;FH;MET;CDC73;MEN1;CDKN1B;CDKN1A;CDKN2B;CDKN2C;RET;IPMK;ESR2;NTRK1;MLH1;MSH2;MSH6;PMS1;PMS2;TGFBR2;MLH3;EPCAM;FAN1;BMPR1A;SEMA4A;RPS20;RNF43;GREM1;MUTYH;APC;SMAD4;ENG;NTHL1;POLE;POLD1;MSH3
