Mr. Hi; NodeID 0
Mr. Hi; NodeID 1
Mr. Hi; NodeID 2
Mr. Hi; NodeID 3
Mr. Hi; NodeID 4
Mr. Hi; NodeID 5
Mr. Hi; NodeID 6
Mr. Hi; NodeID 7
Mr. Hi; NodeID 8
Officer; NodeID 9
Mr. Hi; NodeID 10
Mr. Hi; NodeID 11
Mr. Hi; NodeID 12
Mr. Hi; NodeID 13
Officer; NodeID 14
Officer; NodeID 15
Mr. Hi; NodeID 16
Mr. Hi; NodeID 17
Officer; NodeID 18
Mr. Hi; NodeID 19
Officer; NodeID 20
Mr. Hi; NodeID 21
Officer; NodeID 22
Officer; NodeID 23
Officer; NodeID 24
Officer; NodeID 25
Officer; NodeID 26
Officer; NodeID 27
Officer; NodeID 28
Officer; NodeID 29
Officer; NodeID 30
Officer; NodeID 31
Officer; NodeID 32
Officer; NodeID 33
